date,volume
2017-08-17,795.150377
2017-08-18,1199.888264
2017-08-19,381.309763
2017-08-20,467.083022
2017-08-21,691.74306
2017-08-22,966.684858
2017-08-23,1001.136565
2017-08-24,787.418753
2017-08-25,573.61274
2017-08-26,228.108068
2017-08-27,350.692585
2017-08-28,603.841616
2017-08-29,603.545028
2017-08-30,808.468771
2017-08-31,556.956802
2017-09-01,560.666366
2017-09-02,929.148595
2017-09-03,691.216198
2017-09-04,1394.644614
2017-09-05,1228.938157
2017-09-06,807.363726
2017-09-07,500.429975
2017-09-08,1132.255046
2017-09-09,658.782952
2017-09-10,660.373275
2017-09-11,699.989065
2017-09-12,879.630319
2017-09-13,913.462545
2017-09-14,1665.021543
2017-09-15,1968.866492
2017-09-16,1297.563953
2017-09-17,682.17121
2017-09-18,1030.006455
2017-09-19,902.332129
2017-09-20,720.935076
2017-09-21,1001.654084
2017-09-22,838.966425
2017-09-23,752.792791
2017-09-24,661.63639
2017-09-25,727.994713
2017-09-26,526.727987
2017-09-27,628.170966
2017-09-28,849.785325
2017-09-29,1602.309565
2017-09-30,720.353183
2017-10-01,726.963685
2017-10-02,655.756974
2017-10-03,1082.323563
2017-10-04,868.465101
2017-10-05,779.138638
2017-10-06,506.529176
2017-10-07,297.5975
2017-10-08,518.462004
2017-10-09,646.463145
2017-10-10,1043.221773
2017-10-11,753.429396
2017-10-12,1276.701482
2017-10-13,1879.82762
2017-10-14,970.759046
2017-10-15,1343.523375
2017-10-16,1528.996462
2017-10-17,1429.869376
2017-10-18,2317.804373
2017-10-19,1881.722107
2017-10-20,1972.97722
2017-10-21,1664.307693
2017-10-22,1362.092216
2017-10-23,1812.557715
2017-10-24,2580.418767
2017-10-25,2282.813205
2017-10-26,1972.965882
2017-10-27,1403.706416
2017-10-28,1276.754412
2017-10-29,1804.778173
2017-10-30,1473.687043
2017-10-31,1511.774925
2017-11-01,1675.615188
2017-11-02,2503.610803
2017-11-03,1891.497592
2017-11-04,1399.191767
2017-11-05,1207.83233
2017-11-06,1763.019261
2017-11-07,1440.259494
2017-11-08,2822.298802
2017-11-09,1913.398308
2017-11-10,3254.704105
2017-11-11,2754.156861
2017-11-12,4968.483069
2017-11-13,2621.243039
2017-11-14,1254.292531
2017-11-15,1779.605845
2017-11-16,2331.95675
2017-11-17,3982.395925
2017-11-18,3954.266477
2017-11-19,3867.340444
2017-11-20,3886.634348
2017-11-21,4544.474016
2017-11-22,3545.00571
2017-11-23,4093.952687
2017-11-24,4411.789112
2017-11-25,4292.623682
2017-11-26,4147.380237
2017-11-27,4521.625707
2017-11-28,4917.210985
2017-11-29,13352.538715
2017-11-30,9389.574329
2017-12-01,6134.923633
2017-12-02,4765.439757
2017-12-03,5346.636524
2017-12-04,4663.424562
2017-12-05,5550.732055
2017-12-06,6707.946319
2017-12-07,7487.065695
2017-12-08,17589.013136
2017-12-09,13918.758687
2017-12-10,16553.037173
2017-12-11,11820.401762
2017-12-12,9436.802411
2017-12-13,12416.328801
2017-12-14,11616.867151
2017-12-15,9181.273947
2017-12-16,4202.628709
2017-12-17,9177.183434
2017-12-18,10624.633071
2017-12-19,13210.74822
2017-12-20,13450.496693
2017-12-21,20324.2173
2017-12-22,36076.271175
2017-12-23,13141.538875
2017-12-24,28557.534988
2017-12-25,15748.207607
2017-12-26,15034.668104
2017-12-27,14959.864723
2017-12-28,21717.858014
2017-12-29,18072.008116
2017-12-30,19221.158039
2017-12-31,11768.989718
2018-01-01,8609.915844
2018-01-02,20078.092111
2018-01-03,15905.667639
2018-01-04,21329.649574
2018-01-05,23251.491125
2018-01-06,18571.457508
2018-01-07,12493.125558
2018-01-08,26600.609912
2018-01-09,14315.004253
2018-01-10,17411.001655
2018-01-11,33554.723751
2018-01-12,16417.162137
2018-01-13,12221.508528
2018-01-14,17017.894329
2018-01-15,14652.094705
2018-01-16,63401.169175
2018-01-17,72331.796646
2018-01-18,48464.434937
2018-01-19,34129.375421
2018-01-20,28768.857827
2018-01-21,41379.773426
2018-01-22,43752.606791
2018-01-23,37473.922552
2018-01-24,27158.587762
2018-01-25,20839.954183
2018-01-26,33056.87196
2018-01-27,18860.768345
2018-01-28,16887.339524
2018-01-29,14170.377538
2018-01-30,25554.372946
2018-01-31,18015.956805
2018-02-01,33564.764311
2018-02-02,49971.626975
2018-02-03,28725.000735
2018-02-04,32014.308449
2018-02-05,63403.182579
2018-02-06,100201.500307
2018-02-07,60778.460497
2018-02-08,1521.537318
2018-02-09,20482.910825
2018-02-10,49381.512653
2018-02-11,45025.187952
2018-02-12,41987.85049
2018-02-13,35454.972956
2018-02-14,40811.952867
2018-02-15,52427.596715
2018-02-16,38161.205974
2018-02-17,41882.108407
2018-02-18,61137.380728
2018-02-19,40831.417131
2018-02-20,48153.354288
2018-02-21,68113.818754
2018-02-22,67060.166483
2018-02-23,57202.70237
2018-02-24,40888.156299
2018-02-25,28373.517586
2018-02-26,34878.292756
2018-02-27,30705.385123
2018-02-28,30800.983782
2018-03-01,25092.55393
2018-03-02,23910.71009
2018-03-03,21287.15328
2018-03-04,17295.918653
2018-03-05,15144.231063
2018-03-06,29515.572363
2018-03-07,50647.67108
2018-03-08,41109.473226
2018-03-09,64112.291407
2018-03-10,37180.012857
2018-03-11,44325.973386
2018-03-12,42230.77793
2018-03-13,40191.409358
2018-03-14,49708.094108
2018-03-15,52291.022277
2018-03-16,38815.409893
2018-03-17,33110.206329
2018-03-18,59488.231711
2018-03-19,55297.084942
2018-03-20,44865.105835
2018-03-21,39972.405371
2018-03-22,40617.556809
2018-03-23,39991.007666
2018-03-24,35466.609572
2018-03-25,29001.769316
2018-03-26,44033.59566
2018-03-27,37427.64805
2018-03-28,26401.33167
2018-03-29,54620.915125
2018-03-30,65306.031976
2018-03-31,36868.539087
2018-04-01,44071.430463
2018-04-02,32123.560072
2018-04-03,37787.331811
2018-04-04,42227.183804
2018-04-05,39029.73146
2018-04-06,27455.01192
2018-04-07,32269.578267
2018-04-08,21427.673165
2018-04-09,34078.297206
2018-04-10,22326.728095
2018-04-11,23997.871177
2018-04-12,64861.595987
2018-04-13,55044.523148
2018-04-14,31621.286357
2018-04-15,27946.720444
2018-04-16,36664.069715
2018-04-17,32152.603567
2018-04-18,26969.04457
2018-04-19,27113.847464
2018-04-20,39795.337485
2018-04-21,40872.229909
2018-04-22,29458.25348
2018-04-23,25838.114709
2018-04-24,46268.790106
2018-04-25,81110.037589
2018-04-26,43300.304245
2018-04-27,37241.347036
2018-04-28,34759.62842
2018-04-29,38149.850035
2018-04-30,35002.033875
2018-05-01,41018.463633
2018-05-02,26123.543961
2018-05-03,38768.388288
2018-05-04,28681.588879
2018-05-05,24990.018345
2018-05-06,27690.351559
2018-05-07,33787.640012
2018-05-08,25533.831889
2018-05-09,25673.524899
2018-05-10,25055.063718
2018-05-11,48227.048061
2018-05-12,40241.32081
2018-05-13,25632.869362
2018-05-14,37389.666533
2018-05-15,28126.956136
2018-05-16,31130.718908
2018-05-17,25439.844799
2018-05-18,23476.158251
2018-05-19,17193.424276
2018-05-20,19957.057109
2018-05-21,21516.596486
2018-05-22,23710.902858
2018-05-23,42910.666774
2018-05-24,37845.446595
2018-05-25,26739.95664
2018-05-26,19464.086071
2018-05-27,18706.945515
2018-05-28,27219.438963
2018-05-29,39407.21183
2018-05-30,32041.583623
2018-05-31,30776.063102
2018-06-01,28259.124078
2018-06-02,26720.690219
2018-06-03,27505.158951
2018-06-04,32258.835115
2018-06-05,31722.973384
2018-06-06,27229.991898
2018-06-07,25062.227202
2018-06-08,23396.804671
2018-06-09,19339.885176
2018-06-10,52342.020032
2018-06-11,34552.162303
2018-06-12,36722.211191
2018-06-13,46185.5181
2018-06-14,44478.130837
2018-06-15,30018.329905
2018-06-16,22277.241147
2018-06-17,19847.247688
2018-06-18,31821.434995
2018-06-19,24311.421143
2018-06-20,26359.752452
2018-06-21,25428.854048
2018-06-22,52157.370833
2018-06-23,26622.788589
2018-06-24,47445.998955
2018-06-25,39164.515306
2018-06-26,19377.240484
2018-06-27,19225.671098
2018-06-28,30585.266026
2018-06-29,33911.287278
2018-06-30,37919.61284
2018-07-01,27562.965974
2018-07-02,36230.452264
2018-07-03,38657.781691
2018-07-04,23571.892777
2018-07-05,35071.972898
2018-07-06,29397.094748
2018-07-07,23973.876886
2018-07-08,24622.947794
2018-07-09,26732.40655
2018-07-10,38560.672702
2018-07-11,28715.498487
2018-07-12,31306.663348
2018-07-13,26375.325286
2018-07-14,17783.071999
2018-07-15,22979.211508
2018-07-16,36204.87708
2018-07-17,52105.423459
2018-07-18,59487.64345
2018-07-19,41218.256437
2018-07-20,46140.313447
2018-07-21,28886.490291
2018-07-22,30270.21844
2018-07-23,41646.346671
2018-07-24,60121.163749
2018-07-25,48257.649124
2018-07-26,43223.481682
2018-07-27,43671.005891
2018-07-28,26215.173839
2018-07-29,25531.226185
2018-07-30,39692.416542
2018-07-31,48296.915587
2018-08-01,42582.312932
2018-08-02,37665.696684
2018-08-03,44669.486047
2018-08-04,36288.42601
2018-08-05,32894.849782
2018-08-06,32760.191643
2018-08-07,45438.473501
2018-08-08,59550.536319
2018-08-09,51941.185111
2018-08-10,59034.974902
2018-08-11,47133.418555
2018-08-12,38567.770712
2018-08-13,53895.828783
2018-08-14,50186.745091
2018-08-15,68806.687026
2018-08-16,48515.254618
2018-08-17,57851.610803
2018-08-18,53742.322172
2018-08-19,45190.847994
2018-08-20,49435.55526
2018-08-21,41569.947408
2018-08-22,77909.391359
2018-08-23,40358.166825
2018-08-24,38305.675322
2018-08-25,19220.505929
2018-08-26,20107.297208
2018-08-27,37747.078747
2018-08-28,48352.917163
2018-08-29,43252.487392
2018-08-30,44716.77462
2018-08-31,40467.400638
2018-09-01,40323.414093
2018-09-02,39814.840352
2018-09-03,32396.018371
2018-09-04,35300.640518
2018-09-05,63715.256267
2018-09-06,60644.464227
2018-09-07,38906.28805
2018-09-08,38215.032171
2018-09-09,37053.92382
2018-09-10,32439.456432
2018-09-11,33104.88859
2018-09-12,31433.645939
2018-09-13,40465.063107
2018-09-14,37173.339277
2018-09-15,25243.656612
2018-09-16,27568.132897
2018-09-17,35987.254738
2018-09-18,32620.86667
2018-09-19,39044.080082
2018-09-20,25189.024728
2018-09-21,51779.343463
2018-09-22,29349.690667
2018-09-23,30286.229773
2018-09-24,35305.73991
2018-09-25,40301.029452
2018-09-26,33484.54207
2018-09-27,33087.428297
2018-09-28,42399.448523
2018-09-29,30255.9597
2018-09-30,27764.724519
2018-10-01,20621.506894
2018-10-02,28245.810088
2018-10-03,28451.969138
2018-10-04,20074.300818
2018-10-05,16096.552392
2018-10-06,10939.505391
2018-10-07,17406.831762
2018-10-08,23123.419541
2018-10-09,15354.779469
2018-10-10,15390.661444
2018-10-11,48712.400332
2018-10-12,29004.071419
2018-10-13,19098.070025
2018-10-14,15627.411314
2018-10-15,90748.031246
2018-10-16,27557.957764
2018-10-17,26641.431379
2018-10-18,20116.521941
2018-10-19,20772.60077
2018-10-20,19240.722247
2018-10-21,6515.357792
2018-10-22,16213.69266
2018-10-23,13856.601756
2018-10-24,11951.543977
2018-10-25,10342.701244
2018-10-26,9443.504156
2018-10-27,7776.907864
2018-10-28,5743.933728
2018-10-29,13827.224067
2018-10-30,8877.175385
2018-10-31,12148.888216
2018-11-01,9099.035841
2018-11-02,9739.440679
2018-11-03,7661.241476
2018-11-04,10592.394943
2018-11-05,8987.882156
2018-11-06,11926.565699
2018-11-07,14271.591117
2018-11-08,13259.789282
2018-11-09,11787.616583
2018-11-10,7714.829926
2018-11-11,8213.507117
2018-11-12,10132.782567
2018-11-13,11790.564933
2018-11-14,46478.964003
2018-11-15,47700.829401
2018-11-16,38721.802274
2018-11-17,26411.241413
2018-11-18,23844.999347
2018-11-19,70580.892856
2018-11-20,117380.95159
2018-11-21,61071.829475
2018-11-22,34531.119143
2018-11-23,49371.920322
2018-11-24,61693.111006
2018-11-25,101693.975588
2018-11-26,94504.865717
2018-11-27,67480.607212
2018-11-28,91983.567949
2018-11-29,73980.198669
2018-11-30,67758.446283
2018-12-01,44840.073481
2018-12-02,38912.15479
2018-12-03,49094.369163
2018-12-04,48489.551613
2018-12-05,44004.799448
2018-12-06,68378.796943
2018-12-07,95145.457442
2018-12-08,55365.949949
2018-12-09,45956.893296
2018-12-10,40989.244553
2018-12-11,35920.864154
2018-12-12,33922.931286
2018-12-13,40040.917013
2018-12-14,44492.983807
2018-12-15,29796.041436
2018-12-16,24628.808538
2018-12-17,66762.216388
2018-12-18,61369.615257
2018-12-19,94137.341014
2018-12-20,101543.835986
2018-12-21,82343.850112
2018-12-22,42822.350872
2018-12-23,40117.531529
2018-12-24,64647.809129
2018-12-25,62725.629432
2018-12-26,42629.375817
2018-12-27,44097.392912
2018-12-28,45964.304987
2018-12-29,38874.373903
2018-12-30,33222.369262
2018-12-31,29991.77835
2019-01-01,23741.687033
2019-01-02,35156.463369
2019-01-03,29406.948359
2019-01-04,29519.554671
2019-01-05,30490.667751
2019-01-06,36553.806709
2019-01-07,31869.846264
2019-01-08,38901.423122
2019-01-09,28989.439511
2019-01-10,59402.22851
2019-01-11,38338.654733
2019-01-12,21999.928354
2019-01-13,26385.757454
2019-01-14,35235.211215
2019-01-15,34137.997459
2019-01-16,27480.179977
2019-01-17,29755.440838
2019-01-18,22713.446755
2019-01-19,22171.578123
2019-01-20,27901.938598
2019-01-21,19644.436839
2019-01-22,29336.442967
2019-01-23,24938.842698
2019-01-24,20826.25118
2019-01-25,17608.346671
2019-01-26,19476.532344
2019-01-27,22735.598162
2019-01-28,40405.111401
2019-01-29,29544.928977
2019-01-30,23968.260243
2019-01-31,29607.190253
2019-02-01,25260.476159
2019-02-02,17920.802
2019-02-03,19867.33639
2019-02-04,23131.981108
2019-02-05,25264.41503
2019-02-06,35310.244846
2019-02-07,18665.538638
2019-02-08,47968.058013
2019-02-09,24759.833719
2019-02-10,23250.602634
2019-02-11,24954.614571
2019-02-12,29479.59823
2019-02-13,25773.997648
2019-02-14,21753.501261
2019-02-15,20777.872899
2019-02-16,19565.992751
2019-02-17,25690.227779
2019-02-18,64042.730492
2019-02-19,50207.172667
2019-02-20,36205.14085
2019-02-21,31103.884728
2019-02-22,23943.16375
2019-02-23,33657.942883
2019-02-24,62224.18689
2019-02-25,38102.966245
2019-02-26,28838.748036
2019-02-27,31500.995466
2019-02-28,32561.961044
2019-03-01,23174.57217
2019-03-02,19445.838355
2019-03-03,16718.16541
2019-03-04,34742.84166
2019-03-05,32962.536162
2019-03-06,24775.11883
2019-03-07,26455.257661
2019-03-08,34730.366592
2019-03-09,30979.747653
2019-03-10,23187.561412
2019-03-11,38066.885705
2019-03-12,26921.008622
2019-03-13,24461.008757
2019-03-14,27048.74853
2019-03-15,21740.061498
2019-03-16,28568.376124
2019-03-17,18814.255577
2019-03-18,22454.47801
2019-03-19,19893.741815
2019-03-20,23432.300255
2019-03-21,35997.682119
2019-03-22,20022.606318
2019-03-23,17302.604318
2019-03-24,17179.850648
2019-03-25,33192.890217
2019-03-26,29349.537627
2019-03-27,32364.555852
2019-03-28,20089.293875
2019-03-29,30084.217444
2019-03-30,19509.292601
2019-03-31,13525.087433
2019-04-01,25507.067641
2019-04-02,105383.639263
2019-04-03,109890.125743
2019-04-04,61054.254168
2019-04-05,39768.552806
2019-04-06,41770.842313
2019-04-07,37615.486804
2019-04-08,50178.430782
2019-04-09,34067.012311
2019-04-10,40073.620471
2019-04-11,54696.600686
2019-04-12,33276.678614
2019-04-13,17292.456802
2019-04-14,18281.607739
2019-04-15,29057.191581
2019-04-16,24242.229493
2019-04-17,23307.536134
2019-04-18,22619.239001
2019-04-19,24611.236323
2019-04-20,19168.908274
2019-04-21,25549.570939
2019-04-22,29563.852309
2019-04-23,41262.103917
2019-04-24,48224.152413
2019-04-25,49636.089948
2019-04-26,48912.294513
2019-04-27,15422.896935
2019-04-28,14371.433869
2019-04-29,19918.135079
2019-04-30,22238.06823
2019-05-01,17217.473216
2019-05-02,22795.787835
2019-05-03,46297.172849
2019-05-04,39682.408991
2019-05-05,23822.543775
2019-05-06,25256.596325
2019-05-07,39905.064422
2019-05-08,23074.186907
2019-05-09,27453.011436
2019-05-10,36623.61079
2019-05-11,74022.424393
2019-05-12,86948.975339
2019-05-13,85804.735333
2019-05-14,76583.722603
2019-05-15,37884.327211
2019-05-16,69630.513996
2019-05-17,88752.008159
2019-05-18,37054.944779
2019-05-19,65577.442058
2019-05-20,65859.208564
2019-05-21,52301.752247
2019-05-22,49136.994589
2019-05-23,49648.184701
2019-05-24,46664.785325
2019-05-25,28414.328817
2019-05-26,49652.144567
2019-05-27,51886.768793
2019-05-28,31470.551534
2019-05-29,33880.865922
2019-05-30,70379.998521
2019-05-31,44727.49162
2019-06-01,31868.234157
2019-06-02,27835.133265
2019-06-03,45692.965104
2019-06-04,74143.948941
2019-06-05,48679.656455
2019-06-06,36624.118747
2019-06-07,33942.225658
2019-06-08,22657.329634
2019-06-09,31568.465157
2019-06-10,36756.078468
2019-06-11,30334.999427
2019-06-12,41597.082622
2019-06-13,30467.764341
2019-06-14,39835.246255
2019-06-15,31791.636039
2019-06-16,63289.251219
2019-06-17,47895.485374
2019-06-18,51554.569401
2019-06-19,32147.706495
2019-06-20,34556.053982
2019-06-21,50484.415892
2019-06-22,104169.447976
2019-06-23,57445.323945
2019-06-24,43101.045285
2019-06-25,61276.686648
2019-06-26,155930.147386
2019-06-27,173894.820889
2019-06-28,95795.203964
2019-06-29,69642.074157
2019-06-30,84512.530443
2019-07-01,90962.268271
2019-07-02,109561.038728
2019-07-03,96815.90029
2019-07-04,66512.221892
2019-07-05,63534.350582
2019-07-06,51469.496331
2019-07-07,38884.795599
2019-07-08,52182.367215
2019-07-09,78442.130343
2019-07-10,109246.044997
2019-07-11,87506.461058
2019-07-12,56321.858281
2019-07-13,54245.594548
2019-07-14,72517.579236
2019-07-15,81922.426332
2019-07-16,97219.443413
2019-07-17,84942.672717
2019-07-18,80283.310252
2019-07-19,56546.932133
2019-07-20,47331.899848
2019-07-21,38834.287935
2019-07-22,40467.954839
2019-07-23,47624.37071
2019-07-24,43475.380377
2019-07-25,37873.354728
2019-07-26,27167.463217
2019-07-27,43809.778301
2019-07-28,29401.022937
2019-07-29,29021.937411
2019-07-30,32536.368834
2019-07-31,39515.35456
2019-08-01,41727.637028
2019-08-02,42990.444221
2019-08-03,33802.318824
2019-08-04,39924.745141
2019-08-05,65153.673713
2019-08-06,76705.389875
2019-08-07,69173.390353
2019-08-08,51207.257174
2019-08-09,39427.152588
2019-08-10,42633.087048
2019-08-11,26772.90691
2019-08-12,17568.227075
2019-08-13,33234.72968
2019-08-14,54451.847499
2019-08-15,38174.45112
2019-08-16,51758.142918
2019-08-17,29000.581201
2019-08-18,24085.395172
2019-08-19,37243.319217
2019-08-20,32298.921679
2019-08-21,47355.719282
2019-08-22,34059.642738
2019-08-23,27550.336173
2019-08-24,27692.456844
2019-08-25,26271.657398
2019-08-26,41687.511599
2019-08-27,28402.775383
2019-08-28,42110.555375
2019-08-29,35532.69491
2019-08-30,26834.318104
2019-08-31,17130.290074
2019-09-01,19545.404843
2019-09-02,44740.248093
2019-09-03,47998.376781
2019-09-04,43943.889026
2019-09-05,33970.960639
2019-09-06,58799.640959
2019-09-07,27637.877392
2019-09-08,23984.672018
2019-09-09,39835.727608
2019-09-10,28915.412225
2019-09-11,31953.824562
2019-09-12,34511.162755
2019-09-13,30280.339776
2019-09-14,23621.533519
2019-09-15,18047.654013
2019-09-16,28971.401657
2019-09-17,22914.324563
2019-09-18,24250.249303
2019-09-19,44826.282579
2019-09-20,25088.491069
2019-09-21,20544.175196
2019-09-22,22049.275256
2019-09-23,31937.232356
2019-09-24,94007.345203
2019-09-25,60783.892258
2019-09-26,67930.853749
2019-09-27,43882.924625
2019-09-28,34473.605165
2019-09-29,31544.211388
2019-09-30,55865.48726
2019-10-01,43479.58742
2019-10-02,26243.386644
2019-10-03,30488.284058
2019-10-04,26476.330404
2019-10-05,21907.615564
2019-10-06,34676.104049
2019-10-07,52202.072297
2019-10-08,35452.657423
2019-10-09,55038.704378
2019-10-10,39137.946167
2019-10-11,50405.284418
2019-10-12,21339.334098
2019-10-13,27840.739953
2019-10-14,29810.663253
2019-10-15,32773.062476
2019-10-16,34733.593966
2019-10-17,29656.949158
2019-10-18,31353.181416
2019-10-19,26627.889388
2019-10-20,34286.452654
2019-10-21,30448.679539
2019-10-22,34651.828663
2019-10-23,63897.457098
2019-10-24,32714.383265
2019-10-25,90748.218174
2019-10-26,162588.585413
2019-10-27,93833.541604
2019-10-28,80174.217323
2019-10-29,64158.462446
2019-10-30,55241.786434
2019-10-31,54376.024902
2019-11-01,43594.814115
2019-11-02,28923.060828
2019-11-03,27894.378279
2019-11-04,45894.456277
2019-11-05,45935.873665
2019-11-06,37336.170372
2019-11-07,39117.470853
2019-11-08,62107.289243
2019-11-09,29469.481405
2019-11-10,34422.029797
2019-11-11,44888.053545
2019-11-12,40366.629471
2019-11-13,26810.116918
2019-11-14,33468.468961
2019-11-15,46087.417751
2019-11-16,20902.299752
2019-11-17,27009.037082
2019-11-18,43017.69094
2019-11-19,43556.061025
2019-11-20,32466.23098
2019-11-21,58418.780261
2019-11-22,126603.140259
2019-11-23,50449.894755
2019-11-24,67890.206483
2019-11-25,119645.735197
2019-11-26,65722.39769
2019-11-27,92452.87349
2019-11-28,56933.981109
2019-11-29,60745.300873
2019-11-30,46989.433619
2019-12-01,60769.342313
2019-12-02,46330.25604
2019-12-03,33149.477487
2019-12-04,83153.701586
2019-12-05,59306.678855
2019-12-06,48189.087944
2019-12-07,31498.684173
2019-12-08,29856.897631
2019-12-09,46621.887493
2019-12-10,49723.76214
2019-12-11,30093.091944
2019-12-12,42288.600932
2019-12-13,27609.873795
2019-12-14,29561.985967
2019-12-15,26395.778137
2019-12-16,43863.993059
2019-12-17,53865.069929
2019-12-18,95636.651251
2019-12-19,55509.049075
2019-12-20,32132.069205
2019-12-21,19467.174028
2019-12-22,39137.45515
2019-12-23,68051.997203
2019-12-24,43629.494188
2019-12-25,27492.044323
2019-12-26,36259.761076
2019-12-27,33642.701861
2019-12-28,26848.982199
2019-12-29,31387.106085
2019-12-30,29605.911782
2019-12-31,25954.453533
2020-01-01,16792.388165
2020-01-02,31951.483932
2020-01-03,68428.500451
2020-01-04,29987.974977
2020-01-05,38331.085604
2020-01-06,54635.695316
2020-01-07,91171.684661
2020-01-08,112622.64264
2020-01-09,64239.51983
2020-01-10,82406.777448
2020-01-11,54810.032667
2020-01-12,38131.494336
2020-01-13,31159.755683
2020-01-14,120399.126742
2020-01-15,84816.297606
2020-01-16,51991.074284
2020-01-17,70897.737377
2020-01-18,38294.746545
2020-01-19,70676.889259
2020-01-20,38896.639746
2020-01-21,36494.687659
2020-01-22,29080.557138
2020-01-23,48165.944597
2020-01-24,41687.529529
2020-01-25,25521.157932
2020-01-26,31130.485164
2020-01-27,53973.542996
2020-01-28,74584.853765
2020-01-29,53864.065122
2020-01-30,60626.744259
2020-01-31,45552.022352
2020-02-01,28578.067354
2020-02-02,45690.91254
2020-02-03,50892.133451
2020-02-04,53308.175266
2020-02-05,64870.415615
2020-02-06,64949.706588
2020-02-07,43966.114632
2020-02-08,43600.843666
2020-02-09,43408.475616
2020-02-10,59573.084619
2020-02-11,62422.395224
2020-02-12,61008.06393
2020-02-13,79344.358759
2020-02-14,47038.480173
2020-02-15,57657.202947
2020-02-16,60023.999537
2020-02-17,70261.011901
2020-02-18,70604.124019
2020-02-19,55162.586895
2020-02-20,60152.342914
2020-02-21,42181.554524
2020-02-22,24636.757623
2020-02-23,37702.089843
2020-02-24,55796.59612
2020-02-25,54379.344552
2020-02-26,92130.345482
2020-02-27,72483.578762
2020-02-28,71155.208977
2020-02-29,36748.183035
2020-03-01,43892.201779
2020-03-02,60401.31773
2020-03-03,55154.997282
2020-03-04,38696.482578
2020-03-05,58201.866355
2020-03-06,43782.948044
2020-03-07,45422.204525
2020-03-08,77537.315166
2020-03-09,116968.863268
2020-03-10,86783.443875
2020-03-11,79942.411172
2020-03-12,261505.608653
2020-03-13,402201.673764
2020-03-14,136910.135974
2020-03-15,139916.146534
2020-03-16,227276.92276
2020-03-17,150089.926318
2020-03-18,137127.634894
2020-03-19,199020.873439
2020-03-20,219298.329514
2020-03-21,128913.668363
2020-03-22,119115.990527
2020-03-23,164674.215785
2020-03-24,151138.009878
2020-03-25,132155.734989
2020-03-26,83026.555211
2020-03-27,82914.968354
2020-03-28,93159.693429
2020-03-29,63311.627714
2020-03-30,118889.549992
2020-03-31,72337.595259
2020-04-01,97500.7524
2020-04-02,149299.906871
2020-04-03,104080.276939
2020-04-04,72990.861139
2020-04-05,49685.356983
2020-04-06,118052.000832
2020-04-07,103585.168918
2020-04-08,76059.145838
2020-04-09,61094.872417
2020-04-10,104674.623375
2020-04-11,45470.293206
2020-04-12,73868.666501
2020-04-13,96415.476573
2020-04-14,69068.623285
2020-04-15,61571.384994
2020-04-16,125009.857539
2020-04-17,54126.509763
2020-04-18,49488.542819
2020-04-19,45664.86393
2020-04-20,90149.49137
2020-04-21,60109.710808
2020-04-22,61486.377334
2020-04-23,102773.569561
2020-04-24,60182.119939
2020-04-25,43874.427726
2020-04-26,50522.616209
2020-04-27,65441.339576
2020-04-28,46302.752638
2020-04-29,183546.887514
2020-04-30,206277.214124
2020-05-01,91468.815059
2020-05-02,59002.08755
2020-05-03,90126.065643
2020-05-04,84418.512331
2020-05-05,76480.765342
2020-05-06,105925.30242
2020-05-07,147154.611378
2020-05-08,100683.7964
2020-05-09,81950.679567
2020-05-10,183865.182028
2020-05-11,168807.251832
2020-05-12,86522.780066
2020-05-13,92466.274018
2020-05-14,129565.37747
2020-05-15,115890.761516
2020-05-16,59587.627862
2020-05-17,68647.764323
2020-05-18,82006.603583
2020-05-19,78539.760454
2020-05-20,74923.73809
2020-05-21,108928.780969
2020-05-22,58943.131024
2020-05-23,43526.296966
2020-05-24,70379.86645
2020-05-25,62833.910949
2020-05-26,58299.770138
2020-05-27,68910.355514
2020-05-28,74110.787662
2020-05-29,57374.362961
2020-05-30,55665.27254
2020-05-31,48333.786403
2020-06-01,76649.12696
2020-06-02,108970.773151
2020-06-03,46252.644939
2020-06-04,57456.100969
2020-06-05,47788.05005
2020-06-06,32752.950893
2020-06-07,57952.848385
2020-06-08,40664.664125
2020-06-09,46024.001289
2020-06-10,47130.762982
2020-06-11,94418.98473
2020-06-12,50119.066932
2020-06-13,27759.784851
2020-06-14,30055.506608
2020-06-15,86107.924707
2020-06-16,52052.446927
2020-06-17,48046.411152
2020-06-18,37381.953765
2020-06-19,45330.983673
2020-06-20,30329.065384
2020-06-21,24316.926234
2020-06-22,57895.468343
2020-06-23,41031.02938
2020-06-24,61571.561464
2020-06-25,55831.619156
2020-06-26,50292.298277
2020-06-27,46290.930113
2020-06-28,30688.176421
2020-06-29,42120.293261
2020-06-30,31463.162801
2020-07-01,38488.528699
2020-07-02,45725.168076
2020-07-03,28943.420177
2020-07-04,26441.968484
2020-07-05,34073.653627
2020-07-06,54463.132277
2020-07-07,34587.336678
2020-07-08,56140.517781
2020-07-09,48044.450645
2020-07-10,38295.494006
2020-07-11,22561.366
2020-07-12,30872.702286
2020-07-13,42740.069115
2020-07-14,45772.552509
2020-07-15,39053.579665
2020-07-16,43375.571191
2020-07-17,28054.358741
2020-07-18,22554.541457
2020-07-19,26052.019417
2020-07-20,35458.764082
2020-07-21,60413.582486
2020-07-22,48815.004107
2020-07-23,51856.2335
2020-07-24,43931.136205
2020-07-25,40679.545416
2020-07-26,65279.269319
2020-07-27,150188.933144
2020-07-28,97267.734187
2020-07-29,76838.094233
2020-07-30,60794.826456
2020-07-31,70063.660974
2020-08-01,85087.485126
2020-08-02,97553.077604
2020-08-03,56931.841475
2020-08-04,58629.113709
2020-08-05,74970.256852
2020-08-06,63529.08502
2020-08-07,65755.926022
2020-08-08,41858.16104
2020-08-09,41493.067342
2020-08-10,84952.337887
2020-08-11,90748.284634
2020-08-12,64909.613644
2020-08-13,70132.491502
2020-08-14,59818.852697
2020-08-15,56237.90505
2020-08-16,41368.236906
2020-08-17,84734.21154
2020-08-18,75923.835527
2020-08-19,73940.169606
2020-08-20,46085.254351
2020-08-21,64448.306142
2020-08-22,43678.701646
2020-08-23,37900.00469
2020-08-24,46212.391867
2020-08-25,69590.923272
2020-08-26,53998.231231
2020-08-27,63246.036383
2020-08-28,45953.908365
2020-08-29,32973.7992
2020-08-30,43177.879054
2020-08-31,55353.617744
2020-09-01,78148.193668
2020-09-02,87221.845602
2020-09-03,121950.106015
2020-09-04,92733.599113
2020-09-05,90001.605568
2020-09-06,56368.788815
2020-09-07,62620.230676
2020-09-08,73491.878418
2020-09-09,49347.113776
2020-09-10,58253.75375
2020-09-11,43830.254467
2020-09-12,35379.153096
2020-09-13,43837.609865
2020-09-14,67059.291361
2020-09-15,61822.452786
2020-09-16,64991.51244
2020-09-17,55601.614529
2020-09-18,47266.728275
2020-09-19,38440.036858
2020-09-20,39157.922565
2020-09-21,70683.431179
2020-09-22,43991.235476
2020-09-23,51876.568079
2020-09-24,57676.619427
2020-09-25,48101.117008
2020-09-26,28420.836659
2020-09-27,30549.483253
2020-09-28,50095.251734
2020-09-29,41874.898399
2020-09-30,39596.027322
2020-10-01,60866.332893
2020-10-02,50130.393705
2020-10-03,22298.221341
2020-10-04,23212.001595
2020-10-05,34025.761653
2020-10-06,48674.740471
2020-10-07,32811.990279
2020-10-08,51959.691572
2020-10-09,48240.073237
2020-10-10,43648.036943
2020-10-11,29043.851339
2020-10-12,52825.28371
2020-10-13,42205.283709
2020-10-14,41415.106015
2020-10-15,48760.717679
2020-10-16,48797.749502
2020-10-17,22368.915241
2020-10-18,23284.041191
2020-10-19,47414.534692
2020-10-20,62134.750663
2020-10-21,114584.456767
2020-10-22,70038.824144
2020-10-23,50386.999841
2020-10-24,35952.20907
2020-10-25,38481.579504
2020-10-26,60951.672986
2020-10-27,80811.01945
2020-10-28,94440.561226
2020-10-29,74872.602132
2020-10-30,70657.778881
2020-10-31,67339.238515
2020-11-01,36285.648526
2020-11-02,64566.421908
2020-11-03,74115.630787
2020-11-04,93016.988262
2020-11-05,143741.522673
2020-11-06,122618.197695
2020-11-07,101431.206553
2020-11-08,65547.178574
2020-11-09,108976.334134
2020-11-10,61681.919606
2020-11-11,78469.746458
2020-11-12,102196.356592
2020-11-13,75691.881014
2020-11-14,59116.347179
2020-11-15,43596.841513
2020-11-16,81300.675924
2020-11-17,115221.403102
2020-11-18,149019.788134
2020-11-19,93009.561008
2020-11-20,88423.018489
2020-11-21,75577.458394
2020-11-22,81645.737778
2020-11-23,82961.506093
2020-11-24,113581.509241
2020-11-25,93266.576887
2020-11-26,181005.246693
2020-11-27,85297.024787
2020-11-28,64910.69997
2020-11-29,55329.016303
2020-11-30,115463.466888
2020-12-01,127698.762652
2020-12-02,75911.013478
2020-12-03,66689.391279
2020-12-04,71283.6682
2020-12-05,42922.748573
2020-12-06,37043.091861
2020-12-07,41372.296293
2020-12-08,61626.947614
2020-12-09,79585.553801
2020-12-10,52890.675094
2020-12-11,72610.724259
2020-12-12,49519.978432
2020-12-13,56560.821744
2020-12-14,47257.201294
2020-12-15,61834.366011
2020-12-16,114306.33557
2020-12-17,184882.476748
2020-12-18,79646.134315
2020-12-19,86045.064677
2020-12-20,76690.145685
2020-12-21,88030.297243
2020-12-22,87033.12616
2020-12-23,119047.259733
2020-12-24,69013.834252
2020-12-25,79519.943569
2020-12-26,97806.513386
2020-12-27,148455.586214
2020-12-28,79721.742496
2020-12-29,69411.592606
2020-12-30,95356.057826
2020-12-31,75508.505152
2021-01-01,54182.925011
2021-01-02,129993.873362
2021-01-03,120957.56675
2021-01-04,140899.88569
2021-01-05,116049.997038
2021-01-06,127139.20131
2021-01-07,132825.700437
2021-01-08,139789.957499
2021-01-09,75785.979675
2021-01-10,118209.544503
2021-01-11,251156.138287
2021-01-12,133948.151996
2021-01-13,124477.914938
2021-01-14,102950.389421
2021-01-15,118300.920916
2021-01-16,86348.431508
2021-01-17,80157.727384
2021-01-18,70698.11875
2021-01-19,79611.307769
2021-01-20,89368.422918
2021-01-21,135004.076658
2021-01-22,142971.684049
2021-01-23,64595.287675
2021-01-24,57978.037966
2021-01-25,88499.226921
2021-01-26,84972.20691
2021-01-27,95911.961711
2021-01-28,92621.145617
2021-01-29,231827.005626
2021-01-30,84889.68134
2021-01-31,68742.280384
2021-02-01,82718.276882
2021-02-02,78056.65988
2021-02-03,80784.333663
2021-02-04,92080.735898
2021-02-05,66681.334275
2021-02-06,98757.311183
2021-02-07,84363.679763
2021-02-08,138597.536914
2021-02-09,115499.861712
2021-02-10,97154.1822
2021-02-11,89561.081454
2021-02-12,85870.035697
2021-02-13,63768.097399
2021-02-14,73735.475533
2021-02-15,79398.156784
2021-02-16,88813.266298
2021-02-17,85743.637818
2021-02-18,60758.046954
2021-02-19,79659.77802
2021-02-20,80948.205314
2021-02-21,58166.708511
2021-02-22,134019.434944
2021-02-23,169375.025051
2021-02-24,91881.209252
2021-02-25,83310.673121
2021-02-26,109423.200663
2021-02-27,66060.834292
2021-02-28,83055.369042
2021-03-01,85086.111648
2021-03-02,64221.06214
2021-03-03,81035.913705
2021-03-04,82649.716829
2021-03-05,78192.496372
2021-03-06,44399.234242
2021-03-07,55235.028032
2021-03-08,66987.359664
2021-03-09,71656.737076
2021-03-10,84749.238943
2021-03-11,81914.812859
2021-03-12,73405.406047
2021-03-13,83245.091346
2021-03-14,52601.05275
2021-03-15,102771.427298
2021-03-16,77986.694355
2021-03-17,70421.620841
2021-03-18,66580.406675
2021-03-19,52392.652961
2021-03-20,44476.941776
2021-03-21,48564.470274
2021-03-22,62581.626169
2021-03-23,59789.365427
2021-03-24,83537.465021
2021-03-25,87400.534538
2021-03-26,63813.774692
2021-03-27,50105.475055
2021-03-28,39050.387511
2021-03-29,67857.937398
2021-03-30,55122.443122
2021-03-31,60975.542666
2021-04-01,47415.61722
2021-04-02,47382.418781
2021-04-03,47409.852113
2021-04-04,41314.081973
2021-04-05,54258.01579
2021-04-06,54201.000727
2021-04-07,71228.405659
2021-04-08,44283.147019
2021-04-09,40831.884911
2021-04-10,69906.424117
2021-04-11,41156.715391
2021-04-12,56375.037117
2021-04-13,82848.688746
2021-04-14,82616.343993
2021-04-15,51649.70034
2021-04-16,91764.139884
2021-04-17,58912.256128
2021-04-18,124882.131824
2021-04-19,78229.042267
2021-04-20,72744.482151
2021-04-21,66984.756909
2021-04-22,104656.631337
2021-04-23,132230.780719
2021-04-24,55361.512573
2021-04-25,58255.645004
2021-04-26,86310.802124
2021-04-27,54064.034675
2021-04-28,55130.459015
2021-04-29,52486.019455
2021-04-30,68578.910045
2021-05-01,42600.351836
2021-05-02,36812.878863
2021-05-03,57649.931286
2021-05-04,85324.625903
2021-05-05,77263.923439
2021-05-06,70181.671908
2021-05-07,74542.747829
2021-05-08,69709.906028
2021-05-09,69806.11991
2021-05-10,89586.34925
2021-05-11,64329.54055
2021-05-12,99842.789836
2021-05-13,147332.002121
2021-05-14,80082.204306
2021-05-15,89437.449359
2021-05-16,114269.812775
2021-05-17,166657.172736
2021-05-18,116979.860784
2021-05-19,354347.243161
2021-05-20,203017.596923
2021-05-21,202100.888258
2021-05-22,126542.243689
2021-05-23,217136.046593
2021-05-24,161630.893971
2021-05-25,111996.228404
2021-05-26,104780.773396
2021-05-27,86547.158794
2021-05-28,135377.62972
2021-05-29,112663.092689
2021-05-30,73535.386967
2021-05-31,94160.735289
2021-06-01,81234.66377
2021-06-02,67587.372495
2021-06-03,75889.106011
2021-06-04,91317.799245
2021-06-05,70459.62149
2021-06-06,47650.206637
2021-06-07,77574.952573
2021-06-08,123251.189037
2021-06-09,136607.597517
2021-06-10,109527.284943
2021-06-11,78466.0053
2021-06-12,87717.54999
2021-06-13,86921.025555
2021-06-14,108522.391949
2021-06-15,80679.622838
2021-06-16,87771.976937
2021-06-17,79541.307119
2021-06-18,95228.042935
2021-06-19,68712.449461
2021-06-20,89878.17085
2021-06-21,168778.873159
2021-06-22,204208.179762
2021-06-23,126966.100563
2021-06-24,86625.80426
2021-06-25,116061.130356
2021-06-26,107820.375287
2021-06-27,96613.244211
2021-06-28,82222.267819
2021-06-29,90788.79622
2021-06-30,77152.197634
2021-07-01,71708.266112
2021-07-02,56172.181378
2021-07-03,43044.578641
2021-07-04,43703.475789
2021-07-05,64123.874245
2021-07-06,58210.596349
2021-07-07,53807.521675
2021-07-08,70136.48032
2021-07-09,47153.939899
2021-07-10,34761.175468
2021-07-11,31572.647448
2021-07-12,48181.403762
2021-07-13,41126.361008
2021-07-14,46777.823484
2021-07-15,51639.576353
2021-07-16,48499.864154
2021-07-17,34012.242132
2021-07-18,35923.716186
2021-07-19,47340.468499
2021-07-20,61034.049017
2021-07-21,82796.265128
2021-07-22,46148.092433
2021-07-23,50112.863626
2021-07-24,47977.550138
2021-07-25,47852.928313
2021-07-26,152452.512724
2021-07-27,88397.267015
2021-07-28,101344.528441
2021-07-29,53998.439283
2021-07-30,73602.784805
2021-07-31,44849.791012
2021-08-01,53953.186326
2021-08-02,50837.351954
2021-08-03,57117.435853
2021-08-04,52329.35243
2021-08-05,84343.755621
2021-08-06,75753.941347
2021-08-07,73396.740808
2021-08-08,69329.092698
2021-08-09,74587.884845
2021-08-10,53814.643421
2021-08-11,52734.901977
2021-08-12,55266.108781
2021-08-13,48239.370431
2021-08-14,46114.359022
2021-08-15,42110.711334
2021-08-16,52480.574014
2021-08-17,57039.341629
2021-08-18,54099.415985
2021-08-19,53411.75392
2021-08-20,56850.352228
2021-08-21,46745.136584
2021-08-22,37007.887795
2021-08-23,52462.541954
2021-08-24,51014.594748
2021-08-25,44655.830342
2021-08-26,49371.277774
2021-08-27,42068.104965
2021-08-28,26681.063786
2021-08-29,32652.283473
2021-08-30,40288.35083
2021-08-31,48645.52737
2021-09-01,49904.65528
2021-09-02,54410.770538
2021-09-03,59025.644157
2021-09-04,34664.65959
2021-09-05,40544.835873
2021-09-06,49249.667081
2021-09-07,123048.802719
2021-09-08,65069.3152
2021-09-09,50651.66002
2021-09-10,49048.26618
2021-09-11,30440.4081
2021-09-12,32094.28052
2021-09-13,65429.15056
2021-09-14,44855.85099
2021-09-15,43204.71174
2021-09-16,40725.08895
2021-09-17,34461.92776
2021-09-18,30906.47038
2021-09-19,29847.24349
2021-09-20,78003.524443
2021-09-21,84534.080485
2021-09-22,58349.05542
2021-09-23,48699.57655
2021-09-24,84113.426292
2021-09-25,33594.57189
2021-09-26,49879.99765
2021-09-27,39776.84383
2021-09-28,43372.2624
2021-09-29,33511.53487
2021-09-30,46381.22781
2021-10-01,66244.87492
2021-10-02,30508.98131
2021-10-03,30825.05601
2021-10-04,46796.49372
2021-10-05,52125.66793
2021-10-06,79877.545181
2021-10-07,54917.37766
2021-10-08,46160.25785
2021-10-09,55177.08013
2021-10-10,89237.836128
2021-10-11,52933.165751
2021-10-12,53471.2855
2021-10-13,55808.44492
2021-10-14,43053.336781
2021-10-15,82512.908022
2021-10-16,35467.88096
2021-10-17,39099.24124
2021-10-18,51798.44844
2021-10-19,53628.107744
2021-10-20,51428.934856
2021-10-21,68538.64537
2021-10-22,52119.35886
2021-10-23,27626.93678
2021-10-24,31226.57676
2021-10-25,36853.83806
2021-10-26,40217.50083
2021-10-27,62124.49016
2021-10-28,61056.35301
2021-10-29,43973.90414
2021-10-30,31478.12566
2021-10-31,39267.63794
2021-11-01,44687.66672
2021-11-02,46368.2841
2021-11-03,43336.09049
2021-11-04,35930.93314
2021-11-05,31604.48749
2021-11-06,25590.57408
2021-11-07,25515.6883
2021-11-08,54442.094554
2021-11-09,44661.378068
2021-11-10,65171.504046
2021-11-11,37237.98058
2021-11-12,44490.10816
2021-11-13,22504.97383
2021-11-14,25705.07347
2021-11-15,37829.37124
2021-11-16,77455.15609
2021-11-17,46289.38491
2021-11-18,62146.99931
2021-11-19,50715.88726
2021-11-20,33811.5901
2021-11-21,31902.22785
2021-11-22,51724.32047
2021-11-23,49917.85017
2021-11-24,39612.04964
2021-11-25,42153.51522
2021-11-26,65927.87066
2021-11-27,29716.99957
2021-11-28,36163.7137
2021-11-29,40125.28009
2021-11-30,49161.05194
2021-12-01,44956.63656
2021-12-02,37574.05976
2021-12-03,58927.69027
2021-12-04,114203.373748
2021-12-05,45580.82012
2021-12-06,58571.21575
2021-12-07,38253.46877
2021-12-08,38425.92466
2021-12-09,37692.68665
2021-12-10,44233.57391
2021-12-11,28889.19358
2021-12-12,26017.93421
2021-12-13,50869.52093
2021-12-14,39955.98445
2021-12-15,51629.181
2021-12-16,31949.86739
2021-12-17,43104.4887
2021-12-18,25020.05271
2021-12-19,29305.70665
2021-12-20,35848.50609
2021-12-21,37713.92924
2021-12-22,27004.2022
2021-12-23,35192.54046
2021-12-24,31684.84269
2021-12-25,19135.51613
2021-12-26,22569.88914
2021-12-27,28792.21566
2021-12-28,45853.33924
2021-12-29,39498.87
2021-12-30,30352.29569
2021-12-31,34937.99796
2022-01-01,19604.46325
2022-01-02,18340.4604
2022-01-03,27662.0771
2022-01-04,35491.4136
2022-01-05,51784.11857
2022-01-06,38880.37305
2022-01-07,54836.50818
2022-01-08,32952.73111
2022-01-09,22724.39426
2022-01-10,50729.17019
2022-01-11,37296.43729
2022-01-12,33943.2928
2022-01-13,34910.87762
2022-01-14,32640.88292
2022-01-15,21936.05616
2022-01-16,20602.35271
2022-01-17,27562.08613
2022-01-18,29324.08257
2022-01-19,31685.72159
2022-01-20,42330.33953
2022-01-21,88860.891999
2022-01-22,90471.338961
2022-01-23,44279.52354
2022-01-24,91904.753211
2022-01-25,49232.40183
2022-01-26,69830.16036
2022-01-27,53020.87934
2022-01-28,42154.26956
2022-01-29,26129.49682
2022-01-30,21430.66527
2022-01-31,36855.2458
2022-02-01,34574.44663
2022-02-02,35794.6813
2022-02-03,32081.10999
2022-02-04,64703.95874
2022-02-05,32532.34372
2022-02-06,22405.16704
2022-02-07,51060.62006
2022-02-08,64880.29387
2022-02-09,34428.16729
2022-02-10,62357.29091
2022-02-11,44975.1687
2022-02-12,26556.85681
2022-02-13,17732.08113
2022-02-14,34010.1306
2022-02-15,38095.19576
2022-02-16,28471.8727
2022-02-17,47245.99494
2022-02-18,43845.92241
2022-02-19,18042.0551
2022-02-20,33439.29011
2022-02-21,62347.68496
2022-02-22,53785.94589
2022-02-23,43560.732
2022-02-24,120476.29458
2022-02-25,56574.57125
2022-02-26,29361.2568
2022-02-27,46229.44719
2022-02-28,73945.63858
2022-03-01,61743.09873
2022-03-02,57782.65081
2022-03-03,50940.61021
2022-03-04,61964.68498
2022-03-05,30363.13341
2022-03-06,39677.26158
2022-03-07,63994.11559
2022-03-08,55583.06638
2022-03-09,67392.58799
2022-03-10,71962.93154
2022-03-11,59018.7642
2022-03-12,24034.36432
2022-03-13,32791.82359
2022-03-14,46945.45375
2022-03-15,46015.54926
2022-03-16,88120.76167
2022-03-17,37189.38087
2022-03-18,45408.00969
2022-03-19,29067.18108
2022-03-20,30653.33468
2022-03-21,39426.24877
2022-03-22,59454.94294
2022-03-23,40828.87039
2022-03-24,56195.12374
2022-03-25,54614.43648
2022-03-26,23041.61741
2022-03-27,41874.91071
2022-03-28,58949.2614
2022-03-29,36772.28457
2022-03-30,40947.2085
2022-03-31,48645.12667
2022-04-01,56271.06474
2022-04-02,37073.53582
2022-04-03,33394.67794
2022-04-04,44641.87514
2022-04-05,42192.74852
2022-04-06,60849.32936
2022-04-07,37396.54156
2022-04-08,42375.04203
2022-04-09,17891.66047
2022-04-10,22771.09403
2022-04-11,63560.44721
2022-04-12,57751.01778
2022-04-13,41342.27254
2022-04-14,36807.01401
2022-04-15,24026.35739
2022-04-16,15805.44718
2022-04-17,19988.49259
2022-04-18,54243.49575
2022-04-19,35788.85843
2022-04-20,40877.35041
2022-04-21,59316.27657
2022-04-22,46664.0196
2022-04-23,20291.42375
2022-04-24,26703.61186
2022-04-25,63037.12784
2022-04-26,66650.258
2022-04-27,57083.12272
2022-04-28,56086.6715
2022-04-29,51453.65715
2022-04-30,35321.18989
2022-05-01,38812.24104
2022-05-02,53200.92628
2022-05-03,40316.45358
2022-05-04,62574.61736
2022-05-05,88722.43355
2022-05-06,68437.80187
2022-05-07,34281.70682
2022-05-08,72445.64344
2022-05-09,191876.926428
2022-05-10,165532.00311
2022-05-11,207063.739278
2022-05-12,204507.263138
2022-05-13,97872.36957
2022-05-14,51095.87863
2022-05-15,46275.66912
2022-05-16,73082.19658
2022-05-17,56724.13307
2022-05-18,59749.15799
2022-05-19,67877.36415
2022-05-20,60517.25325
2022-05-21,20987.13124
2022-05-22,36158.98748
2022-05-23,63901.49932
2022-05-24,59442.96036
2022-05-25,59537.38659
2022-05-26,94581.65463
2022-05-27,90998.5201
2022-05-28,34479.35127
2022-05-29,27567.34764
2022-05-30,96785.9476
2022-05-31,62433.11632
2022-06-01,103395.63382
2022-06-02,56961.42928
2022-06-03,54067.44727
2022-06-04,25617.90113
2022-06-05,23139.9281
2022-06-06,68836.92456
2022-06-07,110674.51658
2022-06-08,68542.61276
2022-06-09,46291.1865
2022-06-10,76204.2498
2022-06-11,65901.39895
2022-06-12,92474.598809
2022-06-13,254611.034966
2022-06-14,187201.64671
2022-06-15,200774.493467
2022-06-16,99673.59429
2022-06-17,86694.33663
2022-06-18,196441.655524
2022-06-19,128320.87595
2022-06-20,109028.94154
2022-06-21,104371.0749
2022-06-22,92133.97938
2022-06-23,83127.08716
2022-06-24,77430.36622
2022-06-25,51431.67794
2022-06-26,53278.10464
2022-06-27,64475.0013
2022-06-28,63801.0832
2022-06-29,77309.04379
2022-06-30,93846.64806
2022-07-01,111844.59494
2022-07-02,46180.3021
2022-07-03,51087.46631
2022-07-04,74814.04601
2022-07-05,96041.13756
2022-07-06,82439.5808
2022-07-07,85014.58261
2022-07-08,403081.57349
2022-07-09,178417.84468
2022-07-10,192188.21556
2022-07-11,137535.40724
2022-07-12,139506.45862
2022-07-13,209250.24888
2022-07-14,174809.21696
2022-07-15,143343.3049
2022-07-16,121011.67393
2022-07-17,118229.4525
2022-07-18,239942.73132
2022-07-19,263770.76574
2022-07-20,238762.17094
2022-07-21,184817.68191
2022-07-22,171598.43966
2022-07-23,122137.77375
2022-07-24,115189.67277
2022-07-25,180344.76643
2022-07-26,177817.24326
2022-07-27,210971.19796
2022-07-28,236029.0741
2022-07-29,198298.50623
2022-07-30,151060.13211
2022-07-31,127743.32483
2022-08-01,144210.16219
2022-08-02,158073.28225
2022-08-03,145948.80995
2022-08-04,154854.67016
2022-08-05,175251.69749
2022-08-06,83911.80307
2022-08-07,88890.00877
2022-08-08,170958.44152
2022-08-09,143182.50858
2022-08-10,208916.54953
2022-08-11,249759.79557
2022-08-12,174207.5704
2022-08-13,152852.25435
2022-08-14,151206.14473
2022-08-15,242539.54758
2022-08-16,179324.94821
2022-08-17,210668.68766
2022-08-18,144185.97011
2022-08-19,283995.87747
2022-08-20,183041.68363
2022-08-21,159200.6841
2022-08-22,222222.04526
2022-08-23,200967.77164
2022-08-24,174383.22046
2022-08-25,169915.78301
2022-08-26,273811.61955
2022-08-27,162582.46032
2022-08-28,139307.95976
2022-08-29,210509.49545
2022-08-30,256634.35529
2022-08-31,276946.60765
2022-09-01,245289.97263
2022-09-02,245986.6033
2022-09-03,146639.03204
2022-09-04,145588.77893
2022-09-05,222543.01057
2022-09-06,356315.05718
2022-09-07,287394.7788
2022-09-08,262813.28273
2022-09-09,428919.74652
2022-09-10,307997.33504
2022-09-11,280702.55149
2022-09-12,395395.61828
2022-09-13,431915.03333
2022-09-14,340826.40151
2022-09-15,333069.76076
2022-09-16,283791.07064
2022-09-17,179350.24338
2022-09-18,254217.46904
2022-09-19,380512.40306
2022-09-20,324098.3286
2022-09-21,385034.10021
2022-09-22,379321.72111
2022-09-23,385886.91829
2022-09-24,239496.56746
2022-09-25,191191.4492
2022-09-26,439239.21943
2022-09-27,593260.74161
2022-09-28,521385.45547
2022-09-29,406424.93256
2022-09-30,444322.9534
2022-10-01,165625.13959
2022-10-02,206812.47032
2022-10-03,293585.75212
2022-10-04,327012.00127
2022-10-05,312239.75224
2022-10-06,320122.1702
2022-10-07,220874.83913
2022-10-08,102480.09842
2022-10-09,113900.82681
2022-10-10,212509.09849
2022-10-11,243473.84286
2022-10-12,213826.26731
2022-10-13,399756.68337
2022-10-14,351634.32601
2022-10-15,113847.64232
2022-10-16,131894.61885
2022-10-17,222813.87634
2022-10-18,260313.07848
2022-10-19,186137.29538
2022-10-20,223530.13068
2022-10-21,269310.75769
2022-10-22,110403.90837
2022-10-23,167057.20184
2022-10-24,256168.14467
2022-10-25,326370.67061
2022-10-26,380492.69576
2022-10-27,328643.57791
2022-10-28,287039.94569
2022-10-29,254881.77755
2022-10-30,192795.60886
2022-10-31,303567.61628
2022-11-01,279932.43771
2022-11-02,373716.27299
2022-11-03,319185.1544
2022-11-04,453694.39165
2022-11-05,245621.98525
2022-11-06,230036.97217
2022-11-07,386977.60337
2022-11-08,760705.362783
2022-11-09,731926.929729
2022-11-10,608448.36432
2022-11-11,393552.86492
2022-11-12,167819.96035
2022-11-13,184960.78846
2022-11-14,380210.7775
2022-11-15,282461.84391
2022-11-16,261493.40809
2022-11-17,228038.97873
2022-11-18,214224.18184
2022-11-19,104963.15558
2022-11-20,154842.13478
2022-11-21,324096.997753
2022-11-22,239548.06623
2022-11-23,264927.70408
2022-11-24,206565.92346
2022-11-25,182089.49533
2022-11-26,181804.81666
2022-11-27,162025.47607
2022-11-28,252695.40367
2022-11-29,248106.25009
2022-11-30,303019.80719
2022-12-01,232818.18218
2022-12-02,202372.2062
2022-12-03,154542.57306
2022-12-04,178619.13387
2022-12-05,233703.29225
2022-12-06,218730.76883
2022-12-07,220657.41334
2022-12-08,236417.97804
2022-12-09,238422.06465
2022-12-10,140573.97937
2022-12-11,155286.47871
2022-12-12,226227.49694
2022-12-13,284462.9139
2022-12-14,266681.22209
2022-12-15,223701.96882
2022-12-16,253379.04116
2022-12-17,144825.66684
2022-12-18,112619.31646
2022-12-19,179094.28305
2022-12-20,248808.92324
2022-12-21,156810.96362
2022-12-22,176044.27235
2022-12-23,161612.00947
2022-12-24,100224.29096
2022-12-25,125441.07202
2022-12-26,124564.00656
2022-12-27,173749.58616
2022-12-28,193037.56577
2022-12-29,160998.47158
2022-12-30,164916.31174
2022-12-31,114490.42864
2023-01-01,96925.41374
2023-01-02,121888.57191
2023-01-03,159541.53733
2023-01-04,220362.18862
2023-01-05,163473.56641
2023-01-06,207401.28415
2023-01-07,104526.5688
2023-01-08,135155.89695
2023-01-09,266211.52723
2023-01-10,221382.42581
2023-01-11,262221.60653
2023-01-12,454568.32178
2023-01-13,368615.87823
2023-01-14,393913.74951
2023-01-15,178542.22549
2023-01-16,293078.08262
2023-01-17,275407.74409
2023-01-18,350916.01949
2023-01-19,251385.84925
2023-01-20,338079.13659
2023-01-21,346445.48432
2023-01-22,253577.75286
2023-01-23,293588.37938
2023-01-24,293158.78254
2023-01-25,346042.83223
2023-01-26,288924.43581
2023-01-27,280833.86315
2023-01-28,148115.71085
2023-01-29,295688.79204
2023-01-30,302405.90121
2023-01-31,264649.34909
2023-02-01,310790.42271
2023-02-02,364177.20751
2023-02-03,332571.02904
2023-02-04,166126.47295
2023-02-05,209251.33917
2023-02-06,265371.6069
2023-02-07,308006.72482
2023-02-08,280056.30717
2023-02-09,402894.6955
2023-02-10,338591.94247
2023-02-11,177021.58433
2023-02-12,204435.65163
2023-02-13,295730.76791
2023-02-14,361958.40109
2023-02-15,375669.16111
2023-02-16,450080.68366
2023-02-17,496813.21376
2023-02-18,216917.25213
2023-02-19,300395.99542
2023-02-20,346938.56997
2023-02-21,376000.82868
2023-02-22,379425.75365
2023-02-23,398400.45437
2023-02-24,343582.57453
2023-02-25,191311.8101
2023-02-26,202323.73623
2023-02-27,283706.0859
2023-02-28,264140.99894
2023-03-01,315287.41737
2023-03-02,239315.45219
2023-03-03,319954.19785
2023-03-04,121257.38132
2023-03-05,154841.75786
2023-03-06,203751.82957
2023-03-07,292519.80912
2023-03-08,301460.57272
2023-03-09,443658.28584
2023-03-10,618456.4671
2023-03-11,427831.82133
2023-03-12,430944.94288
2023-03-13,687889.31259
2023-03-14,699360.93423
2023-03-15,581450.72984
2023-03-16,439421.32998
2023-03-17,624460.68091
2023-03-18,371238.97174
2023-03-19,372066.99054
2023-03-20,477378.23373
2023-03-21,420929.7422
2023-03-22,224113.41296
2023-03-23,128649.60818
2023-03-24,86242.06544
2023-03-25,50844.08102
2023-03-26,49671.70353
2023-03-27,88039.46898
2023-03-28,78602.44341
2023-03-29,89486.16008
2023-03-30,98865.43256
2023-03-31,78198.12139
2023-04-01,30238.44753
2023-04-02,37365.65692
2023-04-03,79180.01405
2023-04-04,49722.55691
2023-04-05,60737.64732
2023-04-06,40118.94963
2023-04-07,24762.09387
2023-04-08,19479.96735
2023-04-09,32531.16101
2023-04-10,67754.0622
2023-04-11,67990.07621
2023-04-12,62049.48451
2023-04-13,51934.11731
2023-04-14,75984.19452
2023-04-15,25429.81247
2023-04-16,26431.99322
2023-04-17,56441.81127
2023-04-18,62004.89434
2023-04-19,86575.48656
2023-04-20,76879.09372
2023-04-21,77684.7679
2023-04-22,36023.69686
2023-04-23,34812.09581
2023-04-24,53111.56874
2023-04-25,52325.14637
2023-04-26,129228.40403
2023-04-27,95430.82431
2023-04-28,54298.16578
2023-04-29,20466.83058
2023-04-30,39752.5372
2023-05-01,64433.65958
2023-05-02,50824.5224
2023-05-03,64615.79213
2023-05-04,42575.47501
2023-05-05,58415.83048
2023-05-06,49249.28459
2023-05-07,30003.41028
2023-05-08,68244.36179
2023-05-09,40113.31069
2023-05-10,71155.11355
2023-05-11,47635.31365
2023-05-12,67207.93494
2023-05-13,22814.90421
2023-05-14,21594.8036
2023-05-15,40430.08333
2023-05-16,33270.45451
2023-05-17,42958.97785
2023-05-18,49198.65143
2023-05-19,28754.13544
2023-05-20,14434.54718
2023-05-21,21347.87279
2023-05-22,26458.83828
2023-05-23,38700.83858
2023-05-24,54393.0657
2023-05-25,37435.44895
2023-05-26,35061.18713
2023-05-27,15095.6867
2023-05-28,43916.00855
2023-05-29,42385.41945
2023-05-30,32686.75371
2023-05-31,46588.80573
2023-06-01,39217.8088
2023-06-02,36380.90269
2023-06-03,16595.34117
2023-06-04,19258.41049
2023-06-05,65805.60305
2023-06-06,68392.60438
2023-06-07,59619.44364
2023-06-08,31075.51083
2023-06-09,27934.7097
2023-06-10,64944.60108
2023-06-11,30014.29595
2023-06-12,29900.50893
2023-06-13,41065.60853
2023-06-14,45077.31608
2023-06-15,48664.86063
2023-06-16,51596.91662
2023-06-17,27842.2195
2023-06-18,21538.31022
2023-06-19,35872.65974
2023-06-20,69666.95525
2023-06-21,108926.40412
2023-06-22,59054.5646
2023-06-23,73931.89635
2023-06-24,30513.30135
2023-06-25,30223.44801
2023-06-26,45180.41489
2023-06-27,42699.64157
2023-06-28,40463.51937
2023-06-29,36330.62903
2023-06-30,89419.07618
2023-07-01,17501.75075
2023-07-02,23286.41019
2023-07-03,43761.64311
2023-07-04,33206.11943
2023-07-05,33215.67122
2023-07-06,71319.6261
2023-07-07,34070.53895
2023-07-08,13094.59042
2023-07-09,15388.50196
2023-07-10,41262.87652
2023-07-11,28476.83311
2023-07-12,38108.99669
2023-07-13,70772.51836
2023-07-14,60749.48424
2023-07-15,14118.55329
2023-07-16,15760.1281
2023-07-17,30882.76839
2023-07-18,30003.8601
2023-07-19,25657.36137
2023-07-20,37540.68193
2023-07-21,23881.40865
2023-07-22,14660.40467
2023-07-23,18292.78637
2023-07-24,39628.99691
2023-07-25,21565.7478
2023-07-26,33931.63366
2023-07-27,22476.47626
2023-07-28,23993.61627
2023-07-29,10851.36844
2023-07-30,15706.97441
2023-07-31,22605.48964
2023-08-01,44719.65162
2023-08-02,48181.65141
2023-08-03,26476.91994
2023-08-04,23551.95217
2023-08-05,11645.52018
2023-08-06,13178.1972
2023-08-07,30966.87746
2023-08-08,45700.53392
2023-08-09,38003.88725
2023-08-10,23463.45373
2023-08-11,20637.0443
2023-08-12,8971.48068
2023-08-13,11101.70947
2023-08-14,31443.11532
2023-08-15,27503.87691
2023-08-16,32996.69854
2023-08-17,100271.54033
2023-08-18,69790.65711
2023-08-19,26160.75343
2023-08-20,19056.91209
2023-08-21,30267.24233
2023-08-22,34247.06688
2023-08-23,44023.69978
2023-08-24,30205.22116
2023-08-25,27753.33772
2023-08-26,10022.22322
2023-08-27,12099.64216
2023-08-28,22692.62655
2023-08-29,74251.99488
2023-08-30,35448.25848
2023-08-31,51032.80401
2023-09-01,41032.15056
2023-09-02,16250.77698
2023-09-03,17474.47667
2023-09-04,21777.59609
2023-09-05,21323.39337
2023-09-06,27262.52386
2023-09-07,27687.49567
2023-09-08,28999.76471
2023-09-09,10980.62277
2023-09-10,18738.26914
2023-09-11,41682.32
2023-09-12,56434.38537
2023-09-13,31610.82753
2023-09-14,38333.1725
2023-09-15,26227.29369
2023-09-16,13960.93351
2023-09-17,12998.10277
2023-09-18,43000.43256
2023-09-19,36190.52187
2023-09-20,34207.21867
2023-09-21,34476.82662
2023-09-22,18198.2292
2023-09-23,9440.7026
2023-09-24,15706.65771
2023-09-25,26266.2039
2023-09-26,18495.35066
2023-09-27,34771.57978
2023-09-28,44517.83491
2023-09-29,28478.76219
2023-09-30,12804.62307
2023-10-01,24602.81468
2023-10-02,57071.14241
2023-10-03,28928.96555
2023-10-04,29816.142
2023-10-05,30681.49619
2023-10-06,37983.24277
2023-10-07,13348.83825
2023-10-08,19693.56921
2023-10-09,31534.74639
2023-10-10,22776.84383
2023-10-11,37349.44706
2023-10-12,23428.64112
2023-10-13,24115.76499
2023-10-14,10417.25576
2023-10-15,15274.6917
2023-10-16,78399.22445
2023-10-17,38428.44532
2023-10-18,32162.47591
2023-10-19,35895.50179
2023-10-20,59422.0992
2023-10-21,27517.51897
2023-10-22,22852.54563
2023-10-23,93513.64246
2023-10-24,115265.02418
2023-10-25,54887.02529
2023-10-26,39744.66255
2023-10-27,32330.40106
2023-10-28,16880.13144
2023-10-29,20685.52176
2023-10-30,33657.95976
2023-10-31,32737.89822
2023-11-01,53473.28165
2023-11-02,48015.57732
2023-11-03,39071.20644
2023-11-04,18377.55545
2023-11-05,24528.73376
2023-11-06,22346.47086
2023-11-07,38688.73692
2023-11-08,33401.34137
2023-11-09,82537.88885
2023-11-10,43414.04898
2023-11-11,22984.97235
2023-11-12,17687.18874
2023-11-13,32798.18252
2023-11-14,45503.68416
2023-11-15,53569.13385
2023-11-16,47490.39566
2023-11-17,38283.61112
2023-11-18,17102.24186
2023-11-19,21246.34648
2023-11-20,36022.70291
2023-11-21,47646.54804
2023-11-22,45051.30697
2023-11-23,23827.92882
2023-11-24,44680.80646
2023-11-25,11396.14464
2023-11-26,21264.53723
2023-11-27,30001.07376
2023-11-28,37544.46667
2023-11-29,32994.19107
2023-11-30,24740.29147
2023-12-01,43415.66324
2023-12-02,26696.92161
2023-12-03,26710.65335
2023-12-04,79272.33059
2023-12-05,67490.74644
2023-12-06,51431.10492
2023-12-07,47103.26845
2023-12-08,42900.37556
2023-12-09,24925.97008
2023-12-10,18956.61758
2023-12-11,76663.89804
2023-12-12,42722.69773
2023-12-13,45865.99773
2023-12-14,42047.05709
2023-12-15,33421.7932
2023-12-16,24118.85747
2023-12-17,27722.11452
2023-12-18,46734.0925
2023-12-19,40927.86444
2023-12-20,48710.2947
2023-12-21,34624.29384
2023-12-22,32783.19638
2023-12-23,16557.1293
2023-12-24,25144.33496
2023-12-25,27021.23992
2023-12-26,41010.04282
2023-12-27,36191.21136
2023-12-28,35150.52485
2023-12-29,42597.18912
2023-12-30,22906.57818
2023-12-31,23585.91603
2024-01-01,27174.29903
2024-01-02,65146.40661
2024-01-03,81194.55173
2024-01-04,48038.06334
2024-01-05,48075.25327
2024-01-06,17835.06144
2024-01-07,23023.8508
2024-01-08,72814.57589
2024-01-09,69927.66617
2024-01-10,89911.41203
2024-01-11,87470.3296
2024-01-12,86327.93707
2024-01-13,36118.47464
2024-01-14,28228.40894
2024-01-15,40269.89303
2024-01-16,45045.74589
2024-01-17,33266.21388
2024-01-18,43907.51641
2024-01-19,48342.74559
2024-01-20,15923.99493
2024-01-21,11730.16301
2024-01-22,55426.19911
2024-01-23,57956.63351
2024-01-24,39293.82861
2024-01-25,31022.11853
2024-01-26,47384.96726
2024-01-27,16224.41667
2024-01-28,27294.99838
2024-01-29,31542.74207
2024-01-30,37619.24546
2024-01-31,39871.13688
2024-02-01,35231.04664
2024-02-02,29672.14418
2024-02-03,12033.40998
2024-02-04,17066.89404
2024-02-05,29467.75905
2024-02-06,24675.85433
2024-02-07,34392.59915
2024-02-08,45439.62231
2024-02-09,73503.481
2024-02-10,24802.35936
2024-02-11,29958.80837
2024-02-12,59009.96705
2024-02-13,55551.56706
2024-02-14,57046.37401
2024-02-15,53816.03055
2024-02-16,37772.25318
2024-02-17,25674.00622
2024-02-18,21992.10363
2024-02-19,29534.99432
2024-02-20,49614.47318
2024-02-21,43079.40049
2024-02-22,35309.44574
2024-02-23,30545.79544
2024-02-24,16560.4211
2024-02-25,18721.63159
2024-02-26,51256.72199
2024-02-27,67194.98562
2024-02-28,118763.46984
2024-02-29,78425.07603
2024-03-01,47737.93473
2024-03-02,25534.73659
2024-03-03,28994.90903
2024-03-04,84835.16005
2024-03-05,132696.7813
2024-03-06,78738.85491
2024-03-07,53059.8869
2024-03-08,74261.932842
2024-03-09,19872.89743
2024-03-10,38404.66835
2024-03-11,75292.825726
2024-03-12,68783.546691
2024-03-13,52659.711647
2024-03-14,71757.628746
2024-03-15,103334.03546
2024-03-16,55926.95336
2024-03-17,49742.21589
2024-03-18,55691.08088
2024-03-19,101005.32487
2024-03-20,90420.58592
2024-03-21,53357.48002
2024-03-22,51482.37821
2024-03-23,26410.11409
2024-03-24,31395.78015
2024-03-25,53431.14486
2024-03-26,38934.38417
2024-03-27,49119.35685
2024-03-28,35439.03239
2024-03-29,25445.08353
2024-03-30,13644.61142
2024-03-31,19396.34433
2024-04-01,41445.32039
2024-04-02,71799.82793
2024-04-03,39887.21778
2024-04-04,41510.48453
2024-04-05,37915.23073
2024-04-06,20134.28919
2024-04-07,21534.74433
2024-04-08,45723.87624
2024-04-09,39293.90242
2024-04-10,42006.02377
2024-04-11,31917.25595
2024-04-12,56072.86229
2024-04-13,71395.22019
2024-04-14,61599.17818
2024-04-15,52389.53069
2024-04-16,53435.29331
2024-04-17,50610.54509
2024-04-18,43601.60918
2024-04-19,69774.30271
2024-04-20,23137.42975
2024-04-21,19316.42152
2024-04-22,31397.99371
2024-04-23,22599.90004
2024-04-24,33595.69637
2024-04-25,31341.46338
2024-04-26,27085.19346
2024-04-27,20933.06052
2024-04-28,16949.20005
2024-04-29,28150.22947
2024-04-30,54947.65535
2024-05-01,81166.46823
2024-05-02,47583.81961
2024-05-03,43628.40143
2024-05-04,24368.69282
2024-05-05,18526.75029
2024-05-06,34674.91949
2024-05-07,25598.79472
2024-05-08,26121.19004
2024-05-09,30660.8061
2024-05-10,36529.34025
2024-05-11,13374.56936
2024-05-12,12753.13236
2024-05-13,32733.41839
2024-05-14,29088.72041
2024-05-15,43559.74719
2024-05-16,31106.3671
2024-05-17,26292.23409
2024-05-18,14441.25774
2024-05-19,18025.30409
2024-05-20,50816.7011
2024-05-21,49607.4336
2024-05-22,27673.18026
2024-05-23,40513.17374
2024-05-24,28095.83664
2024-05-25,12130.39418
2024-05-26,11872.11797
2024-05-27,23136.92737
2024-05-28,32622.97042
2024-05-29,23159.83149
2024-05-30,28478.2184
2024-05-31,26690.32184
2024-06-01,8837.66133
2024-06-02,15426.32529
2024-06-03,29633.374
2024-06-04,29619.78489
2024-06-05,28703.18082
2024-06-06,21842.00449
2024-06-07,35598.45045
2024-06-08,9773.82967
2024-06-09,9890.56709
2024-06-10,17122.66941
2024-06-11,41436.01588
2024-06-12,37175.32356
2024-06-13,29079.55571
2024-06-14,28408.18797
2024-06-15,11451.80242
2024-06-16,9392.52223
2024-06-17,27386.16851
2024-06-18,42350.10244
2024-06-19,20060.79576
2024-06-20,24265.29031
2024-06-21,25993.56442
2024-06-22,7308.95542
2024-06-23,8224.45447
2024-06-24,52161.35414
2024-06-25,31189.24361
2024-06-26,22485.66463
2024-06-27,18344.28631
2024-06-28,24821.19255
2024-06-29,11509.55904
2024-06-30,17326.30136
2024-07-01,24547.10538
2024-07-02,18573.11875
2024-07-03,32160.11127
2024-07-04,54568.77276
2024-07-05,81348.24756
2024-07-06,21651.31558
2024-07-07,19118.93918
2024-07-08,48090.2049
2024-07-09,27732.20788
2024-07-10,24951.73799
2024-07-11,29761.05735
2024-07-12,23652.4569
2024-07-13,15357.74519
2024-07-14,21178.33907
2024-07-15,38690.9782
2024-07-16,42530.52915
2024-07-17,29567.52954
2024-07-18,22568.7225
2024-07-19,35634.72739
2024-07-20,14386.92434
2024-07-21,21819.11191
2024-07-22,21451.04303
2024-07-23,31406.15316
2024-07-24,23082.56277
2024-07-25,35126.42934
2024-07-26,24244.36023
2024-07-27,31710.21921
2024-07-28,10868.69394
2024-07-29,36467.29633
2024-07-30,23132.25441
2024-07-31,22625.43905
2024-08-01,35542.26854
2024-08-02,38820.42937
2024-08-03,28034.71567
2024-08-04,31616.52003
2024-08-05,162065.59186
2024-08-06,55884.77676
2024-08-07,44269.37684
2024-08-08,48349.52949
2024-08-09,30972.48017
2024-08-10,9995.20621
2024-08-11,19189.84512
2024-08-12,37009.91743
2024-08-13,27858.95851
2024-08-14,28422.76326
2024-08-15,37686.17622
2024-08-16,27610.84344
2024-08-17,7721.72931
2024-08-18,13634.85717
2024-08-19,22809.31251
2024-08-20,31477.44548
2024-08-21,27983.6422
2024-08-22,21241.20588
2024-08-23,38118.07089
2024-08-24,15857.15616
2024-08-25,12305.47977
2024-08-26,19470.05276
2024-08-27,35135.94178
2024-08-28,36868.54275
2024-08-29,27020.90743
2024-08-30,28519.32195
2024-08-31,8798.409
2024-09-01,20705.15741
2024-09-02,22895.01461
2024-09-03,22828.18447
2024-09-04,35560.82146
2024-09-05,27806.91413
2024-09-06,54447.76826
2024-09-07,16694.04774
2024-09-08,16274.14779
2024-09-09,32384.51737
2024-09-10,23626.78126
2024-09-11,33026.56757
2024-09-12,31074.40631
2024-09-13,29825.23333
2024-09-14,12137.90901
2024-09-15,13757.92361
2024-09-16,26477.5642
2024-09-17,33116.25878
2024-09-18,36087.02469
2024-09-19,34332.52608
2024-09-20,25466.37794
2024-09-21,8375.34608
2024-09-22,14242.19892
2024-09-23,24078.05287
2024-09-24,23185.04759
2024-09-25,17813.11168
2024-09-26,28373.30593
2024-09-27,22048.80487
2024-09-28,9127.23316
2024-09-29,8337.74111
2024-09-30,30011.08752
2024-10-01,43671.48108
2024-10-02,31534.70118
2024-10-03,26221.43472
2024-10-04,21294.65994
2024-10-05,7807.46141
2024-10-06,8906.86177
2024-10-07,25966.1852
2024-10-08,19702.22371
2024-10-09,20011.15684
2024-10-10,23967.92481
2024-10-11,23641.35209
2024-10-12,10911.30116
2024-10-13,11909.21995
2024-10-14,37669.95222
2024-10-15,43683.95423
2024-10-16,29938.25544
2024-10-17,25328.22861
2024-10-18,28725.635
2024-10-19,8193.66737
2024-10-20,12442.47378
2024-10-21,31374.42184
2024-10-22,24598.96268
2024-10-23,25530.2407
2024-10-24,22589.83877
2024-10-25,34479.71125
2024-10-26,11842.9077
2024-10-27,8653.19592
2024-10-28,29046.75459
2024-10-29,50128.60594
2024-10-30,26885.99056
2024-10-31,29352.10297
2024-11-01,38301.86755
2024-11-02,10521.67243
2024-11-03,24995.70243
2024-11-04,29800.39187
2024-11-05,33355.06888
2024-11-06,104126.994787
2024-11-07,44869.422345
2024-11-08,36521.099583
2024-11-09,16942.07915
2024-11-10,61830.100435
2024-11-11,82323.665776
2024-11-12,97299.887911
2024-11-13,86763.854127
2024-11-14,56729.51086
2024-11-15,47927.95068
2024-11-16,22717.87689
2024-11-17,23867.55609
2024-11-18,46545.03448
2024-11-19,43660.04682
2024-11-20,42203.198712
2024-11-21,69228.360477
2024-11-22,46189.309243
2024-11-23,24757.84367
2024-11-24,31200.97838
2024-11-25,50847.45096
2024-11-26,57858.73138
2024-11-27,41153.42734
2024-11-28,28814.54357
2024-11-29,27701.78231
2024-11-30,14503.83306
2024-12-01,16938.60452
2024-12-02,37958.66981
2024-12-03,35827.32283
2024-12-04,43850.53728
2024-12-05,109921.729662
2024-12-06,45049.5331
2024-12-07,14931.9459
2024-12-08,14612.99688
2024-12-09,53949.11595
2024-12-10,51708.68933
2024-12-11,37753.78291
2024-12-12,29232.08745
2024-12-13,21904.03923
2024-12-14,14191.70326
2024-12-15,22228.921775
2024-12-16,41302.40274
2024-12-17,29064.936466
2024-12-18,50307.99755
2024-12-19,55147.398
2024-12-20,62884.1357
2024-12-21,23483.54143
2024-12-22,19353.83036
2024-12-23,32810.76703
2024-12-24,23674.22488
2024-12-25,14474.1651
2024-12-26,21192.36727
2024-12-27,26501.26429
2024-12-28,8385.8929
2024-12-29,13576.00578
2024-12-30,27619.4225
2024-12-31,19612.03389
2025-01-01,10373.32613
2025-01-02,21970.48948
2025-01-03,15253.82936
2025-01-04,8990.05651
2025-01-05,8095.63723
2025-01-06,25263.43375
2025-01-07,32059.87537
2025-01-08,33704.67894
2025-01-09,34544.83685
2025-01-10,31482.86424
2025-01-11,7047.9043
2025-01-12,8606.86622
2025-01-13,42619.56423
2025-01-14,27846.61753
2025-01-15,30509.99179
2025-01-16,27832.85317
2025-01-17,39171.85292
2025-01-18,24307.82998
2025-01-19,43397.28298
2025-01-20,89529.231732
2025-01-21,45941.02002
2025-01-22,22248.69254
2025-01-23,53953.12031
2025-01-24,23609.24017
2025-01-25,9068.32377
2025-01-26,9812.51238
2025-01-27,50758.1341
2025-01-28,22022.05765
2025-01-29,23155.35802
2025-01-30,19374.07472
2025-01-31,21983.18193
2025-02-01,12290.95747
2025-02-02,34619.49939
2025-02-03,75164.7385
2025-02-04,40267.98697
2025-02-05,26233.30444
2025-02-06,23515.20405
2025-02-07,31794.22065
2025-02-08,10147.24294
2025-02-09,14120.91613
2025-02-10,20572.87537
2025-02-11,18647.76379
2025-02-12,29151.16625
2025-02-13,19921.77616
2025-02-14,18173.02646
2025-02-15,7349.37683
2025-02-16,8191.4249
2025-02-17,16492.0451
2025-02-18,23368.19471
2025-02-19,16438.50954
2025-02-20,17057.39177
2025-02-21,32249.2814
2025-02-22,11268.17708
2025-02-23,10884.84913
2025-02-24,31550.10299
2025-02-25,78333.11111
2025-02-26,56893.54409
2025-02-27,42505.45439
2025-02-28,83648.03969
2025-03-01,25785.05464
2025-03-02,54889.09045
2025-03-03,59171.10218
2025-03-04,55609.10706
2025-03-05,38264.01163
2025-03-06,34342.44902
2025-03-07,57980.35713
2025-03-08,12989.23054
2025-03-09,26115.39345
2025-03-10,47633.38405
2025-03-11,48770.06853
2025-03-12,31933.986
2025-03-13,27546.27412
2025-03-14,26858.52755
2025-03-15,11324.7332
2025-03-16,17596.12531
2025-03-17,17214.74358
2025-03-18,17610.89883
2025-03-19,28151.05374
2025-03-20,22090.30463
2025-03-21,11956.97443
2025-03-22,5420.22114
2025-03-23,8461.97813
2025-03-24,30115.62111
2025-03-25,22643.25248
2025-03-26,18408.78485
2025-03-27,17098.03897
2025-03-28,27182.73169
2025-03-29,11696.39864
2025-03-30,9864.49508
2025-03-31,20569.13885
2025-04-01,20190.39697
2025-04-02,39931.457
2025-04-03,27337.84135
2025-04-04,32915.53976
2025-04-05,9360.40468
2025-04-06,27942.71436
2025-04-07,78387.53089
2025-04-08,35317.32063
2025-04-09,75488.28772
2025-04-10,33284.80718
2025-04-11,34435.43797
2025-04-12,18470.74437
2025-04-13,24680.04181
2025-04-14,28659.09348
2025-04-15,20910.99528
2025-04-16,20867.24519
2025-04-17,13728.84772
2025-04-18,6529.96315
2025-04-19,9666.58153
2025-04-20,8091.67725
2025-04-21,31773.37262
2025-04-22,43872.74705
2025-04-23,27404.16808
2025-04-24,19497.06071
2025-04-25,27500.66648
2025-04-26,9415.06875
2025-04-27,11162.841
2025-04-28,22157.53351
2025-04-29,16955.3402
2025-04-30,17661.2751
2025-05-01,21380.45343
2025-05-02,14905.74811
2025-05-03,9723.34838
2025-05-04,11036.38342
2025-05-05,17251.18189
2025-05-06,16122.64513
2025-05-07,16644.83854
2025-05-08,34962.02847
2025-05-09,27617.39907
2025-05-10,15324.78611
2025-05-11,17987.12197
2025-05-12,31272.77792
2025-05-13,21253.42409
2025-05-14,16452.9081
2025-05-15,17998.98604
2025-05-16,15683.88024
2025-05-17,11250.89622
2025-05-18,21599.98726
2025-05-19,30260.03524
2025-05-20,23705.48275
2025-05-21,45531.040345
2025-05-22,31630.77313
2025-05-23,31737.72309
2025-05-24,16782.53129
2025-05-25,17710.04695
2025-05-26,14649.11593
2025-05-27,21276.65635
2025-05-28,15633.78829
2025-05-29,19834.70116
2025-05-30,23706.49799
2025-05-31,11289.35922
2025-06-01,9709.70006
2025-06-02,13453.98813
2025-06-03,13259.52634
2025-06-04,14034.89482
2025-06-05,22321.50154
2025-06-06,15839.07385
2025-06-07,8344.93206
2025-06-08,8048.06305
2025-06-09,19975.37451
2025-06-10,17071.82839
2025-06-11,13115.91638
2025-06-12,17778.67218
2025-06-13,26180.81734
2025-06-14,8798.93969
2025-06-15,7164.20047
2025-06-16,14922.6654
2025-06-17,17866.33025
2025-06-18,13968.64167
2025-06-19,7678.60737
2025-06-20,16419.06283
2025-06-21,11154.21332
2025-06-22,28746.41072
2025-06-23,27666.50609
2025-06-24,14651.69335
2025-06-25,16701.15551
2025-06-26,10573.27279
2025-06-27,12232.44042
2025-06-28,3282.17352
2025-06-29,6831.7364
2025-06-30,9754.12491
2025-07-01,10505.62437
2025-07-02,17691.89592
2025-07-03,13047.08225
2025-07-04,11793.86615
2025-07-05,3736.9757
2025-07-06,6447.607
2025-07-07,9405.37601
2025-07-08,9216.0208
2025-07-09,17282.2865
2025-07-10,24883.450665
2025-07-11,25873.521148
2025-07-12,8446.60437
2025-07-13,9550.792947
2025-07-14,27269.348877
2025-07-15,32018.46083
2025-07-16,17039.90851
2025-07-17,15728.57651
2025-07-18,19924.66266
2025-07-19,6635.80306
2025-07-20,12962.92889
2025-07-21,17107.33128
2025-07-22,20959.12973
2025-07-23,14558.75083
2025-07-24,15806.89043
2025-07-25,38406.34873
2025-07-26,6991.67206
2025-07-27,9328.30919
2025-07-28,13961.74754
2025-07-29,15137.93445
2025-07-30,15586.73631
2025-07-31,17010.0073
2025-08-01,24487.10206
2025-08-02,11507.33428
2025-08-03,7397.76046
2025-08-04,9667.67916
2025-08-05,12042.79078
2025-08-06,9761.15318
2025-08-07,13468.56263
2025-08-08,10045.31278
2025-08-09,9514.13144
2025-08-10,14322.77073
2025-08-11,26494.33429
2025-08-12,16720.10893
2025-08-13,23210.07102
2025-08-14,27980.947586
2025-08-15,13623.33874
2025-08-16,6393.68117
2025-08-17,5898.64192
2025-08-18,17745.93954
2025-08-19,18065.47424
2025-08-20,15636.34194
2025-08-21,10839.69235
2025-08-22,23128.09037
2025-08-23,11329.36197
2025-08-24,21175.98462
2025-08-25,25182.79379
2025-08-26,18452.43877
2025-08-27,13392.60875
2025-08-28,11104.27744
2025-08-29,22580.31045
2025-08-30,10708.39159
2025-08-31,9489.51596
2025-09-01,16053.60219
2025-09-02,18510.28756
2025-09-03,11773.72084
2025-09-04,12203.13536
2025-09-05,21587.40888
2025-09-06,5000.29897
2025-09-07,5681.29944
2025-09-08,11582.40211
2025-09-09,15379.28248
2025-09-10,17517.41823
2025-09-11,13676.73119
2025-09-12,15324.10719
2025-09-13,8269.40394
2025-09-14,6707.60197
2025-09-15,13212.51149
2025-09-16,10926.9094
2025-09-17,16754.2454
2025-09-18,11657.23365
2025-09-19,8992.09065
2025-09-20,4674.92752
2025-09-21,4511.52219
2025-09-22,20781.71356
2025-09-23,12301.3203
2025-09-24,12369.25967
2025-09-25,21231.14957
2025-09-26,14243.01591
2025-09-27,5501.78643
2025-09-28,7542.3316
2025-09-29,15541.12005
2025-09-30,15044.15633
2025-10-01,20036.39516
2025-10-02,19670.83503
2025-10-03,23936.328
2025-10-04,8208.16678
2025-10-05,22043.097553
2025-10-06,19494.628793
2025-10-07,21633.99385
2025-10-08,17012.618
2025-10-09,21559.36007
2025-10-10,64171.93927
2025-10-11,35448.51652
2025-10-12,32255.30272
2025-10-13,22557.24033
2025-10-14,31870.32974
2025-10-15,22986.48811
2025-10-16,29857.17252
2025-10-17,37920.66838
2025-10-18,11123.18766
2025-10-19,15480.66423
2025-10-20,19193.4416
2025-10-21,37228.01659
2025-10-22,28610.78451
2025-10-23,17573.09294
2025-10-24,15005.16913
2025-10-25,6407.96864
2025-10-26,13454.47737
2025-10-27,21450.23241
2025-10-28,15523.42257
2025-10-29,21079.71376
2025-10-30,25988.82838
2025-10-31,21518.20439
2025-11-01,7378.50431
2025-11-02,12107.00087
2025-11-03,28681.18779
2025-11-04,50534.87376
2025-11-05,33778.77571
2025-11-06,25814.62139
2025-11-07,32059.50942
2025-11-08,12390.77985
2025-11-09,16338.97096
2025-11-10,22682.25673
2025-11-11,24196.50718
2025-11-12,20457.63906
2025-11-13,36198.50771
2025-11-14,47288.14481
2025-11-15,15110.89391
2025-11-16,23889.4051
2025-11-17,39218.59806
2025-11-18,39835.14769
2025-11-19,32286.6376
2025-11-20,39733.19073
2025-11-21,72256.12679
2025-11-22,14193.93263
2025-11-23,19734.46418
2025-11-24,24663.12795
2025-11-25,19567.0411
2025-11-26,21675.82239
2025-11-27,16833.50932
2025-11-28,18830.86012
2025-11-29,7429.88291
2025-11-30,9687.74175
2025-12-01,34509.01227
2025-12-02,28210.22732
2025-12-03,25712.52585
2025-12-04,19803.94059
2025-12-05,19792.97218
2025-12-06,8409.50016
2025-12-07,13021.11185
2025-12-08,15793.63887
2025-12-09,21240.43014
2025-12-10,18998.68083
2025-12-11,19972.58758
2025-12-12,16679.19169
2025-12-13,5895.70788
2025-12-14,9416.94004
2025-12-15,19778.6919
2025-12-16,18456.05017
2025-12-17,19834.11729
2025-12-18,25405.41763
2025-12-19,21256.65004
2025-12-20,5123.13194
2025-12-21,7132.87258
2025-12-22,14673.2197
2025-12-23,13910.32904
2025-12-24,9140.8432
2025-12-25,7096.58235
2025-12-26,18344.61505
2025-12-27,4469.55156
2025-12-28,4446.29285
2025-12-29,19894.98575
2025-12-30,13105.91001
2025-12-31,11558.62047
2026-01-01,6279.57133
2026-01-02,17396.97301
2026-01-03,7057.46716
2026-01-04,10426.5297
2026-01-05,20673.59584
2026-01-06,18546.41829
2026-01-07,14276.49025
2026-01-08,16132.79117
2026-01-09,15590.27939
2026-01-10,3104.11722
2026-01-11,5477.13594
2026-01-12,16188.08268
2026-01-13,23021.51482
2026-01-14,22851.89428
2026-01-15,21725.81369
2026-01-16,11167.7146
2026-01-17,4280.80137
2026-01-18,6895.17819
2026-01-19,14295.52747
2026-01-20,22007.3261
2026-01-21,20617.50372
2026-01-22,10825.50492
2026-01-23,13918.48919
2026-01-24,4226.56737
2026-01-25,14426.22019
2026-01-26,17766.51453
2026-01-27,13125.40425
2026-01-28,14332.18502
2026-01-29,30431.38201
2026-01-30,35195.84793
2026-01-31,39491.89133
2026-02-01,25395.48168
2026-02-02,42273.59016
2026-02-03,39120.10889
2026-02-04,38375.36
2026-02-05,106298.82899
2026-02-06,92539.21531
2026-02-07,44255.48036
2026-02-08,21420.53168
2026-02-09,29152.72842
2026-02-10,20373.77072
2026-02-11,28718.24602
2026-02-12,24271.74283
2026-02-13,20244.54955
2026-02-14,18114.78393
2026-02-15,22290.05208
2026-02-16,15515.76534
2026-02-17,16489.06921
2026-02-18,15492.43839
2026-02-19,14542.26988
2026-02-20,35351.87091
2026-02-21,3626.82971
