coin_id,symbol,name,scraped_at,circulating_supply,total_supply,max_supply,market_cap_usd,fully_diluted_valuation,total_volume_usd,price_usd,ath_usd,ath_date,atl_usd,atl_date,price_change_24h_pct,price_change_7d_pct,price_change_30d_pct,price_change_1y_pct,market_cap_rank,coingecko_rank,coingecko_score,liquidity_score,public_interest_score,github_forks,github_stars,github_subscribers,github_total_issues,github_closed_issues,github_pull_merged,github_contributors,github_commits_4w,twitter_followers,reddit_subscribers,reddit_active_accounts,telegram_users
bitcoin,btc,Bitcoin,2026-03-15 16:54,20002450.0,20002450.0,21000000.0,1428481754436.0,1428481754436.0,22694282340.0,71402.0,126080.0,2025-10-06T18:57:42.558Z,67.81,2013-07-06T00:00:00.000Z,1.01099,6.25548,4.08296,-15.14049,1.0,,,,,36426,73168,3967,7743,7380,11215,846,108,,0,0,
ethereum,eth,Ethereum,2026-03-15 16:54,120691908.6940581,120691908.6940581,,252635459252.0,252635459252.0,10207401853.0,2091.74,4946.05,2025-08-24T19:21:03.333Z,0.432979,2015-10-20T00:00:00.000Z,0.68042,7.54026,5.22079,8.57854,2.0,,,,,19618,44422,2195,7683,7427,5779,906,41,,0,0,
tether,usdt,Tether,2026-03-15 16:54,184032318235.7615,189499256968.9362,,184077096828.0,189545365772.0,37339947743.0,1.0,1.32,2018-07-24T00:00:00.000Z,0.572521,2015-03-02T00:00:00.000Z,0.02017,0.02907,0.07503,0.03196,3.0,,,,,0,0,0,0,0,0,0,0,,0,0,
binancecoin,bnb,BNB,2026-03-15 16:54,136357957.18,136357957.18,200000000.0,89880665546.0,89880665546.0,615271184.0,659.15,1369.99,2025-10-13T08:41:24.131Z,0.0398177,2017-10-19T00:00:00.000Z,0.77246,6.99594,8.10731,10.18929,4.0,,,,,2048,4243,469,0,0,55,26,0,,0,0,
solana,sol,Solana,2026-03-15 16:54,571356096.0213715,571356092.0445129,,50122720477.0,50122720128.0,1878759659.0,87.66,293.31,2025-01-19T11:15:27.957Z,0.500801,2020-05-11T19:35:23.449Z,0.70165,6.90296,5.52752,-34.86207,7.0,,,,,3516,11071,276,5177,4611,23614,411,171,,0,0,3125.0
usd-coin,usdc,USDC,2026-03-15 16:54,79164005340.71669,79162311817.79674,,79163973248.0,79162279726.0,4529430506.0,0.9999,1.043,2018-11-15T00:00:00.000Z,0.877647,2023-03-11T08:02:13.981Z,-0.00995,-0.01611,-0.00176,-0.00012,6.0,,,,,535,731,38,0,0,272,28,0,,0,0,
staked-ether,steth,Lido Staked Ether,2026-03-15 16:55,9181953.4227043,9181953.4827043,,19202334248.0,19202334373.0,4682498.0,2091.33,4932.89,2025-08-24T19:21:31.902Z,482.9,2020-12-22T04:08:21.854Z,0.75971,7.73186,3.07705,8.42866,,,,,,0,0,0,0,0,0,0,0,,0,0,10082.0
dogecoin,doge,Dogecoin,2026-03-15 16:55,153420256383.7052,169133493126.5791,,14543913881.0,16033495292.0,769035285.0,0.094795,0.731578,2021-05-08T05:08:23.458Z,8.69e-05,2015-05-06T00:00:00.000Z,-0.48138,6.42484,-0.40142,-46.12199,10.0,,,,,2844,14334,848,1190,1038,1230,161,0,,0,0,
cardano,ada,Cardano,2026-03-15 16:55,36840276194.44106,45000000000.0,45000000000.0,9698128839.0,11846159770.0,311291446.0,0.2632,3.09,2021-09-02T06:00:10.474Z,0.01925275,2020-03-13T02:22:55.044Z,0.73887,5.56171,-2.09219,-64.85312,13.0,,,,,643,3757,465,849,665,1706,80,0,,0,0,15829.0
shiba-inu,shib,Shiba Inu,2026-03-15 16:56,589243705802168.2,589500253441571.9,,3420498658.0,3421987891.0,80454110.0,5.8e-06,8.616e-05,2021-10-28T03:54:55.568Z,5.6366e-11,2020-11-28T11:26:25.838Z,-2.11589,10.05311,-7.2891,-54.44175,31.0,,,,,0,0,0,0,0,0,0,0,,0,0,84964.0
avalanche-2,avax,Avalanche,2026-03-15 16:56,431771961.1772119,463441061.1772119,720000000.0,4192135965.0,4499615804.0,184867730.0,9.71,144.96,2021-11-21T14:18:56.538Z,2.8,2020-12-31T13:15:21.540Z,1.09371,9.20621,8.0456,-47.60728,26.0,,,,,655,2100,127,767,629,1544,75,50,,0,0,29210.0
polkadot,dot,Polkadot,2026-03-15 16:56,1673554555.120947,1673554555.120947,2100000000.0,2364506624.0,2364506624.0,106589638.0,1.41,54.98,2021-11-04T14:10:09.301Z,1.15,2026-02-06T00:25:45.413Z,-1.1105,-2.98542,9.63768,-67.98712,41.0,,,,,0,0,0,0,0,0,0,0,,0,0,23744.0
chainlink,link,Chainlink,2026-03-15 16:56,708099970.4525867,1000000000.0,1000000000.0,6472739565.0,9140996801.0,252174253.0,9.14,52.7,2021-05-10T00:13:57.214Z,0.148183,2017-11-29T00:00:00.000Z,1.24767,6.575,6.77677,-34.78324,18.0,,,,,1538,5703,304,417,349,8258,173,87,,0,0,21755.0
bitcoin-cash,bch,Bitcoin Cash,2026-03-15 16:56,20007734.27165078,20008009.27165078,21000000.0,9237326767.0,9237453731.0,147007132.0,461.72,3785.82,2017-12-20T00:00:00.000Z,76.93,2018-12-16T00:00:00.000Z,-0.17976,3.34112,-15.06674,36.42409,14.0,,,,,224,322,47,0,0,454,57,0,,0,0,3625.0
near,near,NEAR Protocol,2026-03-15 16:56,1290265565.0,1290265583.0,,1726397304.0,1726397328.0,134930495.0,1.34,20.44,2022-01-16T22:09:45.873Z,0.526762,2020-11-04T16:09:15.137Z,1.9326,10.23998,32.5051,-49.3386,49.0,,,,,764,2575,76,0,0,8361,211,171,,0,0,52854.0
matic-network,matic,MATIC (migrated to POL),2026-03-15 16:56,0.0,10000000000.0,10000000000.0,,1776793510.0,115729.0,,2.92,2021-12-27T02:08:34.307Z,0.00314376,2019-05-10T00:00:00.000Z,,0.0,0.0,0.0,,,,,,506,1174,74,0,0,274,24,0,,0,0,47206.0
internet-computer,icp,Internet Computer,2026-03-15 16:57,550493665.8950068,550493665.8950068,,1461714938.0,1461714938.0,56535850.0,2.65,700.65,2021-05-10T16:05:53.653Z,2.02,2026-02-24T05:35:51.591Z,-0.0008,9.08052,12.86699,-53.7252,55.0,,,,,280,1399,65,148,104,0,0,567,,0,0,10368.0
uniswap,uni,Uniswap,2026-03-15 16:57,633561603.6037512,898188420.0366304,1000000000.0,2506361619.0,3553221927.0,136410102.0,3.96,44.92,2021-05-03T05:25:04.822Z,1.03,2020-09-17T01:20:38.214Z,0.60801,7.33789,16.26436,-35.09759,39.0,,,,,3015,4964,145,0,0,214,11,0,,0,0,
litecoin,ltc,Litecoin,2026-03-15 16:57,76952101.98347135,76952508.23347135,84000000.0,4237508015.0,4237530385.0,227496289.0,55.06,410.26,2021-05-10T03:13:07.904Z,1.15,2015-01-14T00:00:00.000Z,0.80777,4.08644,2.39361,-40.83346,25.0,,,,,3059,4266,508,531,462,119,48,1,,0,0,
dai,dai,Dai,2026-03-15 16:57,4302153850.386945,4302726952.838677,,4301997403.0,4301997403.0,130689458.0,0.999974,1.22,2020-03-13T03:02:50.373Z,0.88196,2023-03-11T07:50:50.514Z,0.00874,-0.00455,0.09429,0.02614,24.0,,,,,0,0,0,0,0,0,0,0,,0,0,10361.0
leo-token,leo,LEO Token,2026-03-15 16:57,921134330.0,985239504.0,,8359606030.0,8941382197.0,765395.0,9.08,10.14,2025-03-10T09:26:43.294Z,0.799859,2019-12-24T15:14:35.376Z,0.01256,0.5032,8.06077,-6.82327,16.0,,,,,0,0,0,0,0,0,0,0,,0,0,16603.0
ethereum-classic,etc,Ethereum Classic,2026-03-15 16:57,155910317.0943049,155910317.0943049,210700000.0,1290592769.0,1290592769.0,39011105.0,8.28,167.09,2021-05-06T18:34:22.133Z,0.615038,2016-07-25T00:00:00.000Z,0.32954,2.85436,-0.58612,-53.7801,59.0,,,,,245,193,36,0,0,160,17,7,,0,0,1142.0
cosmos,atom,Cosmos Hub,2026-03-15 16:58,498188432.740314,498188432.740314,,922589400.0,922589400.0,24353814.0,1.85,43.84,2021-09-20T00:00:00.000Z,1.16,2020-03-13T02:27:44.591Z,-1.39587,7.25281,-10.01528,-59.48213,72.0,,,,,340,1299,145,0,0,39,21,0,,0,0,1127.0
okb,okb,OKB,2026-03-15 16:58,21000000.0,21000000.0,21000000.0,2020409712.0,2020409712.0,22031412.0,96.21,228.74,2025-10-05T00:00:00.000Z,0.580608,2019-01-14T00:00:00.000Z,0.20916,-0.92609,25.96878,107.22537,43.0,,,,,0,0,0,0,0,0,0,0,,0,0,349187.0
stellar,xlm,Stellar,2026-03-15 16:59,33016932768.2603,50001786883.65895,,5525062462.0,8367312546.0,72382331.0,0.167286,0.875563,2018-01-03T00:00:00.000Z,0.00047612,2015-03-05T00:00:00.000Z,1.65552,12.39721,3.45032,-39.60319,21.0,,,,,969,3118,269,1709,1445,1777,84,86,,0,0,
monero,xmr,Monero,2026-03-15 16:59,18446744.07370955,18446744.07370955,,6587812066.0,6587812066.0,71770537.0,357.05,797.73,2026-01-14T19:34:07.049Z,0.216177,2015-01-14T00:00:00.000Z,0.25913,5.53268,3.07349,70.97717,17.0,,,,,3594,8309,496,2954,2555,4875,320,0,,0,0,
hedera-hashgraph,hbar,Hedera,2026-03-15 16:59,43303421565.15769,50000000000.0,50000000000.0,4126618924.0,4764772360.0,94486292.0,0.095286,0.569229,2021-09-15T10:40:28.318Z,0.00986111,2020-01-02T17:30:24.852Z,3.33955,0.24031,0.44326,-50.58092,28.0,,,,,0,0,0,0,0,0,0,0,,0,0,21728.0
filecoin,fil,Filecoin,2026-03-15 16:59,761619109.0,1958016602.0,,672558341.0,1729053778.0,76645484.0,0.882931,236.84,2021-04-01T13:29:41.564Z,0.812608,2026-02-06T00:30:17.896Z,0.79417,-6.04021,-3.38096,-69.94221,85.0,,,,,0,0,0,0,0,0,0,0,,0,0,
mantle,mnt,Mantle,2026-03-15 16:59,3277944055.53684,6219316794.889999,6219316794.89,2554776981.0,4847235681.0,56738002.0,0.779069,2.86,2025-10-09T01:04:46.659Z,0.307978,2023-10-18T02:50:46.942Z,1.68033,16.00517,24.14495,4.60655,38.0,,,,,0,0,0,0,0,0,0,0,,0,0,74080.0
injective-protocol,inj,Injective,2026-03-15 16:59,100000000.0,100000000.0,,305234913.0,305234913.0,28440838.0,3.05,52.62,2024-03-14T15:06:22.124Z,0.657401,2020-11-03T16:19:30.576Z,0.50953,8.15363,-0.68073,-69.86629,133.0,,,,,79,117,26,0,0,517,14,0,,0,0,20422.0
aptos,apt,Aptos,2026-03-15 16:59,793248193.2886199,1199547087.093807,2100000000.0,731185029.0,1105695397.0,44091244.0,0.921373,19.92,2023-01-26T14:25:17.390Z,0.795451,2026-02-23T01:30:53.133Z,0.52915,-0.98749,-1.4051,-82.78341,82.0,,,,,0,0,0,0,0,0,0,0,,0,0,95349.0
arbitrum,arb,Arbitrum,2026-03-15 16:59,5939074958.0,10000000000.0,10000000000.0,603010306.0,1015326984.0,45556792.0,0.101485,2.39,2024-01-12T12:29:59.231Z,0.088935,2026-02-23T01:30:53.292Z,0.73623,6.35162,-10.1895,-71.85267,89.0,,,,,122,96,18,0,0,242,21,0,,0,0,10373.0
vechain,vet,VeChain,2026-03-15 16:59,85985041177.0,85985041177.0,86712634466.0,625871072.0,625871072.0,15177819.0,0.00727833,0.280991,2021-04-19T01:08:21.675Z,0.00191713,2020-03-13T02:29:59.652Z,2.06073,6.69502,-9.86297,-71.17846,87.0,,,,,272,813,122,0,0,1107,39,2,,0,0,15263.0
the-graph,grt,The Graph,2026-03-15 17:00,10152322791.47383,10800262816.04821,10800262823.318213,271062072.0,288361755.0,16675537.0,0.02669865,2.84,2021-02-12T07:28:45.775Z,0.02343952,2026-02-06T00:22:22.369Z,1.66601,6.61631,-1.65502,-72.09216,146.0,,,,,1061,3120,87,0,0,3173,122,126,,0,0,16717.0
render-token,render,Render,2026-03-15 17:00,518743261.0140742,533503434.2940742,644245094.0,961902092.0,989271780.0,116664675.0,1.85,13.53,2024-03-17T16:30:24.636Z,0.03665669,2020-06-16T13:22:25.900Z,3.60681,36.95375,36.67964,-42.54636,70.0,,,,,0,0,0,0,0,0,0,0,,0,0,19061.0
immutable-x,imx,Immutable,2026-03-15 17:00,853472049.1198142,2000000000.0,2000000000.0,144837252.0,339407135.0,12820999.0,0.169961,9.52,2021-11-26T01:03:01.536Z,0.134529,2026-02-06T00:26:05.511Z,5.935,13.3506,2.04651,-69.94088,215.0,,,,,0,0,0,0,0,0,0,0,,0,0,11108.0
optimism,op,Optimism,2026-03-15 17:00,2117847344.0,4294967296.0,4294967296.0,266084358.0,539615671.0,47037987.0,0.125639,4.84,2024-03-06T08:35:50.817Z,0.10959,2026-02-28T10:15:27.296Z,1.77884,8.90201,-31.58544,-85.49297,149.0,,,,,0,0,0,0,0,0,0,0,,0,0,
kaspa,kas,Kaspa,2026-03-15 17:01,26777148610.50726,27283375903.64681,28704026601.0,807932805.0,823206935.0,8347454.0,0.03017376,0.207411,2024-08-01T00:40:47.164Z,0.00017105,2022-05-26T14:42:59.316Z,-1.10207,2.83987,-5.00365,-62.5586,78.0,,,,,242,526,57,0,0,1693,31,0,,0,0,35325.0
maker,mkr,Maker,2026-03-15 17:01,0.0,95038.82900147133,1005577.0,0.0,168881082.0,60046.0,1776.97,6292.31,2021-05-03T21:54:29.333Z,168.36,2020-03-16T20:52:36.527Z,-0.00737,3.54647,10.76915,50.89318,,,,,,537,868,27,0,0,231,28,0,,0,0,
thor,thor,ThorFi,2026-03-15 17:01,0.0,20456743.0,20456743.0,0.0,17827.64,1709.73,0.00087148,449.05,2021-12-10T00:30:44.597Z,0.0008644,2026-02-17T05:36:56.497Z,,0.0,-31.31523,-92.87529,,,,,,0,0,0,0,0,0,0,0,,0,0,
aave,aave,Aave,2026-03-15 17:01,15183034.765308334,16000000.0,16000000.0,1719766477.0,1812303275.0,270236189.0,113.28,661.69,2021-05-18T21:19:59.514Z,26.02,2020-11-05T09:20:11.928Z,2.179,6.57244,-2.74623,-34.28505,50.0,,,,,586,1440,104,0,0,4,2,0,,0,0,18065.0
lido-dao,ldo,Lido DAO,2026-03-15 17:02,849264458.5927889,1000000000.0,1000000000.0,255888377.0,301305882.0,17803134.0,0.301361,7.3,2021-08-20T08:35:20.158Z,0.271383,2026-03-08T05:01:22.939Z,1.2625,6.71524,-12.51114,-68.4831,151.0,,,,,269,471,37,0,0,1070,56,0,,0,0,10082.0
compound-governance-token,comp,Compound,2026-03-15 17:02,9668189.278360886,10000000.0,10000000.0,178665266.0,184797029.0,6942446.0,18.48,854.45,2021-05-12T00:00:00.000Z,15.21,2026-02-06T00:25:49.827Z,0.00644,11.00241,-0.93178,-56.91201,189.0,,,,,1262,2023,79,0,0,50,20,0,,0,0,
fantom,ftm,Fantom,2026-03-15 17:02,0.0,3175000000.0,3175000000.0,0.0,147717229.0,62992.0,0.04652511,3.46,2021-10-28T05:19:39.845Z,0.00190227,2020-03-13T02:25:38.280Z,3.38107,18.66766,-2.11184,-91.25793,,,,,,85,224,25,0,0,421,23,0,,0,0,2823.0
algorand,algo,Algorand,2026-03-15 17:02,8890274596.999321,8890280701.768885,10000000000.0,813264421.0,813264979.0,28130677.0,0.091485,3.56,2019-06-20T14:51:19.480Z,0.081545,2026-03-08T22:30:13.394Z,0.13969,11.52479,-3.58476,-54.36442,77.0,,,,,521,1427,69,0,0,3898,115,20,,0,0,21664.0
elrond-erd-2,egld,MultiversX,2026-03-15 17:02,29518588.0,29518588.0,,127051329.0,127051329.0,12208923.0,4.31,545.64,2021-11-23T10:33:26.737Z,3.83,2026-02-06T00:25:47.996Z,5.24333,5.59585,-9.96682,-76.42064,232.0,,,,,0,0,0,0,0,0,0,0,,0,0,36190.0
flow,flow,Flow,2026-03-15 17:02,1648000577.808296,1648000577.808296,,67186590.0,67186590.0,39226800.0,0.04075728,42.4,2021-04-05T13:49:10.098Z,0.03411778,2026-02-23T17:51:12.822Z,-12.55447,-4.19094,-8.76027,-90.04555,370.0,,,,,0,0,0,0,0,0,0,0,,0,0,9209.0
